date,close,daily_return,outlier_iqr
2016-08-29,218.3600006103516,,False
2016-08-30,218.0,-0.0016486563901141338,False
2016-08-31,217.3800048828125,-0.002844014299025255,False
2016-09-01,217.38999938964844,4.5977121222895434e-05,False
2016-09-02,218.3699951171875,0.004508007407380887,False
2016-09-06,219.02999877929688,0.0030224100236626583,False
2016-09-07,219.00999450683597,-9.13311992530863e-05,False
2016-09-08,218.50999450683597,-0.002283000833481985,False
2016-09-09,213.27999877929688,-0.023934812406832373,True
2016-09-12,216.33999633789065,0.014347325469371786,False
2016-09-13,213.22999572753903,-0.014375523079395158,False
2016-09-14,213.1499938964844,-0.0003751903233955023,False
2016-09-15,215.27999877929688,0.009992985896339679,False
2016-09-16,213.3699951171875,-0.00887218354208319,False
2016-09-19,213.41000366210935,0.00018750783070453636,False
2016-09-20,213.4199981689453,4.68324195888048e-05,False
2016-09-21,215.82000732421875,0.011245474537833866,False
2016-09-22,217.17999267578125,0.006301479498698415,False
2016-09-23,215.9900054931641,-0.005479267072237337,False
2016-09-26,214.2400054931641,-0.008102226748891828,False
2016-09-27,215.57000732421875,0.006207999425658528,False
2016-09-28,216.63999938964844,0.00496354793837539,False
2016-09-29,214.67999267578125,-0.009047298372365287,False
2016-09-30,216.3000030517578,0.007546163737871758,False
2016-10-03,215.77999877929688,-0.0024040881420446247,False
2016-10-04,214.67999267578125,-0.005097813095460868,False
2016-10-05,215.6300048828125,0.0044252479944231204,False
2016-10-06,215.77999877929688,0.0006956077219675283,False
2016-10-07,215.0399932861328,-0.0034294443291796872,False
2016-10-10,216.16000366210935,0.00520838174732563,False
2016-10-11,213.42999267578125,-0.012629584289772233,False
2016-10-12,213.7100067138672,0.0013119713615477036,False
2016-10-13,213.00999450683597,-0.003275523770716382,False
2016-10-14,213.1199951171875,0.0005164105590735879,False
2016-10-17,212.3800048828125,-0.003472176479584199,False
2016-10-18,213.7100067138672,0.006262368398515461,False
2016-10-19,214.27999877929688,0.0026671285738755213,False
2016-10-20,213.8800048828125,-0.0018666879725734997,False
2016-10-21,213.97999572753903,0.0004675090819328265,False
2016-10-24,214.88999938964844,0.0042527510995378215,False
2016-10-25,214.1699981689453,-0.00335055713503718,False
2016-10-26,213.7400054931641,-0.002007716671137194,False
2016-10-27,213.1699981689453,-0.002666825627254954,False
2016-10-28,212.5399932861328,-0.002955410649828849,False
2016-10-31,212.5500030517578,4.709591578611061e-05,False
2016-11-01,211.00999450683597,-0.007245394132254335,False
2016-11-02,209.7400054931641,-0.006018620192091095,False
2016-11-03,208.77999877929688,-0.004577127342063059,False
2016-11-04,208.5500030517578,-0.0011016176304425862,False
2016-11-07,213.1499938964844,0.02205701643449487,True
2016-11-08,214.1100006103516,0.0045039021410124835,False
2016-11-09,216.3800048828125,0.010602046919760522,False
2016-11-10,216.9199981689453,0.002495578491299444,False
2016-11-11,216.4199981689453,-0.002304997253460117,False
2016-11-14,216.58999633789065,0.0007855012031403596,False
2016-11-15,218.27999877929688,0.007802772380907763,False
2016-11-16,217.8699951171875,-0.0018783382096493328,False
2016-11-17,218.9900054931641,0.005140727961985503,False
2016-11-18,218.5,-0.0022375701213422916,False
2016-11-21,220.1499938964844,0.007551459480477751,False
2016-11-22,220.5800018310547,0.0019532498137269094,False
2016-11-23,220.6999969482422,0.0005439981693327045,False
2016-11-25,221.5200042724609,0.00371548407592881,False
2016-11-28,220.47999572753903,-0.004694874164243412,False
2016-11-29,220.91000366210935,0.0019503263012654593,False
2016-11-30,220.3800048828125,-0.0023991615160511293,False
2016-12-01,219.57000732421875,-0.003675458483742511,False
2016-12-02,219.67999267578125,0.0005009124556802913,False
2016-12-05,221.0,0.006008773526166689,False
2016-12-06,221.6999969482422,0.0031674070056206816,False
2016-12-07,224.6000061035156,0.013080781214220849,False
2016-12-08,225.1499938964844,0.002448743446228141,False
2016-12-09,226.50999450683597,0.006040420374058941,False
2016-12-12,226.25,-0.0011478279684833392,False
2016-12-13,227.75999450683597,0.006674008869993253,False
2016-12-14,225.8800048828125,-0.008254257417305344,False
2016-12-15,226.80999755859372,0.004117197873551026,False
2016-12-16,225.0399932861328,-0.007803907638611274,False
2016-12-19,225.52999877929688,0.0021774151607845127,False
2016-12-20,226.3999938964844,0.0038575582933377817,False
2016-12-21,225.7700042724609,-0.002782639757099692,False
2016-12-22,225.3800048828125,-0.0017274189762505054,False
2016-12-23,225.7100067138672,0.0014642018985946414,False
2016-12-27,226.2700042724609,0.002481048876595171,False
2016-12-28,224.3999938964844,-0.008264508510481772,False
2016-12-29,224.3500061035156,-0.00022276200681126124,False
2016-12-30,223.52999877929688,-0.0036550358899494206,False
2017-01-03,225.2400054931641,0.007650009945893599,False
2017-01-04,226.5800018310547,0.005949193328053104,False
2017-01-05,226.3999938964844,-0.0007944564088427919,False
2017-01-06,227.2100067138672,0.0035777952262363577,False
2017-01-09,226.4600067138672,-0.0033009109539110515,False
2017-01-10,226.4600067138672,0.0,False
2017-01-11,227.1000061035156,0.0028261033766419086,False
2017-01-12,226.52999877929688,-0.0025099397133389045,False
2017-01-13,227.0500030517578,0.0022955205723882433,False
2017-01-17,226.25,-0.0035234663774721398,False
2017-01-18,226.75,0.0022099447513812542,False
2017-01-19,225.91000366210935,-0.003704504246485829,False
2017-01-20,226.7400054931641,0.0036740375264485703,False
2017-01-23,226.1499938964844,-0.00260215040304157,False
2017-01-24,227.6000061035156,0.0064117278185509274,False
2017-01-25,229.57000732421875,0.008655541159375835,False
2017-01-26,229.3300018310547,-0.0010454566603079751,False
2017-01-27,228.97000122070312,-0.001569792907500922,False
2017-01-30,227.5500030517578,-0.006201677780385717,False
2017-01-31,227.52999877929688,-8.791154556209158e-05,False
2017-02-01,227.6199951171875,0.00039553614193055253,False
2017-02-02,227.7700042724609,0.0006590332944880206,False
2017-02-03,229.33999633789065,0.006892883329587596,False
2017-02-06,228.92999267578125,-0.0017877547251083925,False
2017-02-07,228.94000244140625,4.372413377562445e-05,False
2017-02-08,229.2400054931641,0.0013104003169328582,False
2017-02-09,230.6000061035156,0.005932649527842004,False
2017-02-10,231.50999450683597,0.0039461768397,False
2017-02-13,232.7700042724609,0.005442571791809847,False
2017-02-14,233.6999969482422,0.003995328688024102,False
2017-02-15,234.9199981689453,0.005220373284700264,False
2017-02-16,234.72000122070312,-0.0008513406683170466,False
2017-02-17,235.08999633789065,0.0015763254740257526,False
2017-02-21,236.4900054931641,0.005955205143060249,False
2017-02-22,236.27999877929688,-0.0008880151760717325,False
2017-02-23,236.44000244140625,0.0006771781908583296,False
2017-02-24,236.7400054931641,0.0012688337365085456,False
2017-02-27,237.1100006103516,0.001562875342579817,False
2017-02-28,236.47000122070312,-0.002699166580916179,False
2017-03-01,239.77999877929688,0.01399753686094174,False
2017-03-02,238.2700042724609,-0.006297416442252235,False
2017-03-03,238.4199981689453,0.0006295122919159901,False
2017-03-06,237.7100067138672,-0.0029779022755256346,False
2017-03-07,237.0,-0.0029868608548812015,False
2017-03-08,236.55999755859372,-0.0018565503856804444,False
2017-03-09,236.8600006103516,0.001268190120282453,False
2017-03-10,237.69000244140625,0.0035041874057075706,False
2017-03-13,237.80999755859372,0.0005048387225166096,False
2017-03-14,236.8999938964844,-0.003826599686521215,False
2017-03-15,238.9499969482422,0.008653453375155218,False
2017-03-16,238.47999572753903,-0.0019669438238367754,False
2017-03-17,237.02999877929688,-0.006080161750332991,False
2017-03-20,236.7700042724609,-0.0010968843951184581,False
2017-03-21,233.72999572753903,-0.012839500317040176,False
2017-03-22,234.27999877929688,0.0023531556146476618,False
2017-03-23,234.02999877929688,-0.0010670992031014404,False
2017-03-24,233.8600006103516,-0.000726394777729289,False
2017-03-27,233.6199951171875,-0.0010262785108086092,False
2017-03-28,235.32000732421875,0.007276826652523827,False
2017-03-29,235.5399932861328,0.0009348374769126977,False
2017-03-30,236.2899932861328,0.0031841726304582263,False
2017-03-31,235.7400054931641,-0.002327596633780127,False
2017-04-03,235.3300018310547,-0.0017392197020258404,False
2017-04-04,235.47999572753903,0.0006373768551279912,False
2017-04-05,234.77999877929688,-0.0029726386994336496,False
2017-04-06,235.44000244140625,0.0028111579586889146,False
2017-04-07,235.1999969482422,-0.0010193913127561904,False
2017-04-10,235.33999633789065,0.0005952355079292815,False
2017-04-11,235.05999755859372,-0.0011897628267781846,False
2017-04-12,234.02999877929688,-0.0043818548030065685,False
2017-04-13,232.50999450683597,-0.006494912106948969,False
2017-04-17,234.57000732421875,0.00885988932111137,False
2017-04-18,233.8699951171875,-0.0029842357725798907,False
2017-04-19,233.44000244140625,-0.001838597018680388,False
2017-04-20,235.33999633789065,0.008139110163697394,False
2017-04-21,234.58999633789065,-0.003186878608271826,False
2017-04-24,237.1699981689453,0.010997919226438668,False
2017-04-25,238.5500030517578,0.005818631755562409,False
2017-04-26,238.3999938964844,-0.000628837364721635,False
2017-04-27,238.6000061035156,0.0008389773999659678,False
2017-04-28,238.0800018310547,-0.0021793975656283493,False
2017-05-01,238.67999267578125,0.002520122816330961,False
2017-05-02,238.7700042724609,0.00037712250478372233,False
2017-05-03,238.47999572753903,-0.0012145937083074543,False
2017-05-04,238.75999450683597,0.0011740975524707764,False
2017-05-05,239.6999969482422,0.003937018189951846,False
2017-05-08,239.66000366210935,-0.0001668472534085419,False
2017-05-09,239.44000244140625,-0.000917972199538486,False
2017-05-10,239.8699951171875,0.0017958263924027218,False
2017-05-11,239.3800048828125,-0.002042732498225175,False
2017-05-12,238.97999572753903,-0.001671021585404664,False
2017-05-15,240.3000030517578,0.005523505514343219,False
2017-05-16,240.0800018310547,-0.0009155273321229673,False
2017-05-17,235.82000732421875,-0.017744062289010265,False
2017-05-18,236.7700042724609,0.004028483244579162,False
2017-05-19,238.30999755859372,0.006504173917067035,False
2017-05-22,239.5200042724609,0.00507744839185631,False
2017-05-23,240.0500030517578,0.002212753715109317,False
2017-05-24,240.6100006103516,0.0023328371234097034,False
2017-05-25,241.75999450683597,0.004779493344279961,False
2017-05-26,241.7100067138672,-0.00020676619004211805,False
2017-05-30,241.5,-0.000868837483074425,False
2017-05-31,241.44000244140625,-0.0002484370956262749,False
2017-06-01,243.3600006103516,0.00795227861800285,False
2017-06-02,244.1699981689453,0.0033283923264391113,False
2017-06-05,243.9900054931641,-0.000737161310279788,False
2017-06-06,243.2100067138672,-0.0031968472549535054,False
2017-06-07,243.66000366210935,0.0018502402689852815,False
2017-06-08,243.77999877929688,0.000492469487745506,False
2017-06-09,243.41000366210935,-0.0015177418944960497,False
2017-06-12,243.3600006103516,-0.00020542726677397205,False
2017-06-13,244.5500030517578,0.004889885101995617,False
2017-06-14,244.2400054931641,-0.0012676244315078522,False
2017-06-15,243.7700042724609,-0.001924341672668084,False
2017-06-16,242.63999938964844,-0.004635537034940018,False
2017-06-19,244.66000366210935,0.008325108298475659,False
2017-06-20,243.00999450683597,-0.00674409029091716,False
2017-06-21,242.9499969482422,-0.00024689337866756755,False
2017-06-22,242.83999633789065,-0.00045277057721049285,False
2017-06-23,243.1300048828125,0.001194237149132249,False
2017-06-26,243.2899932861328,0.0006580364418511397,False
2017-06-27,241.3300018310547,-0.008056194291447882,False
2017-06-28,243.4900054931641,0.008950414974187693,False
2017-06-29,241.3500061035156,-0.008788859260626114,False
2017-06-30,241.8000030517578,0.0018644994276453275,False
2017-07-03,242.2100067138672,0.0016956313355447339,False
2017-07-05,242.7700042724609,0.002312033124441726,False
2017-07-06,240.5500030517578,-0.009144462584478097,False
2017-07-07,242.1100006103516,0.006485127993359985,False
2017-07-10,242.3699951171875,0.0010738693411278533,False
2017-07-11,242.19000244140625,-0.0007426359673532446,False
2017-07-12,244.00999450683597,0.0075147283004386445,False
2017-07-13,244.4199981689453,0.0016802740516346226,False
2017-07-14,245.55999755859372,0.004664100311711827,False
2017-07-17,245.52999877929688,-0.00012216476459969705,False
2017-07-18,245.66000366210935,0.000529486757051334,False
2017-07-19,246.9900054931641,0.005413994183945725,False
2017-07-20,247.1000061035156,0.0004453646216651119,False
2017-07-21,246.8800048828125,-0.0008903327206351008,False
2017-07-24,246.82000732421875,-0.0002430231586484366,False
2017-07-25,247.4199981689453,0.002430884154129398,False
2017-07-26,247.42999267578125,4.039490303897608e-05,False
2017-07-27,247.1999969482422,-0.0009295385941365808,False
2017-07-28,246.91000366210935,-0.0011731120134016448,False
2017-07-31,246.7700042724609,-0.0005670057412499041,False
2017-08-01,247.32000732421875,0.0022288083731221153,False
2017-08-02,247.44000244140625,0.0004851816013016208,False
2017-08-03,246.9600067138672,-0.001939846923711186,False
2017-08-04,247.41000366210935,0.0018221450275692774,False
2017-08-07,247.8699951171875,0.0018592273888260458,False
2017-08-08,247.25999450683597,-0.002460969953475556,False
2017-08-09,247.25,-4.04210428618379e-05,False
2017-08-10,243.75999450683597,-0.014115290164465222,False
2017-08-11,244.1199951171875,0.0014768650248777604,False
2017-08-14,246.5399932861328,0.009913150161188655,False
2017-08-15,246.50999450683597,-0.00012167916002991941,False
2017-08-16,246.94000244140625,0.0017443833684331889,False
2017-08-17,243.08999633789065,-0.015590856343451809,False
2017-08-18,242.7100067138672,-0.0015631643825247954,False
2017-08-21,242.8999938964844,0.0007827744112800517,False
2017-08-22,245.44000244140625,0.010457013621846034,False
2017-08-23,244.55999755859372,-0.0035854175116487585,False
2017-08-24,243.9900054931641,-0.0023306839676143776,False
2017-08-25,244.55999755859372,0.002336128745427546,False
2017-08-28,244.57000732421875,4.092969301994209e-05,False
2017-08-29,244.8500061035156,0.0011448614748810204,False
2017-08-30,246.00999450683597,0.00473754696509987,False
2017-08-31,247.4900054931641,0.006016060401509371,False
2017-09-01,247.83999633789065,0.0014141615295903964,False
2017-09-05,246.05999755859372,-0.0071820481181341655,False
2017-09-06,246.8999938964844,0.003413786662704643,False
2017-09-07,246.8699951171875,-0.00012150174175173944,False
2017-09-08,246.5800018310547,-0.0011746801631163928,False
2017-09-11,249.2100067138672,0.010665929366869165,False
2017-09-12,250.0500030517578,0.0033706364722949633,False
2017-09-13,250.1699981689453,0.00047988448599478595,False
2017-09-14,250.08999633789065,-0.00031978986944958265,False
2017-09-15,249.19000244140625,-0.003598680113811703,False
2017-09-18,249.72000122070312,0.002126886207730161,False
2017-09-19,249.97000122070312,0.0010011212509126732,False
2017-09-20,250.05999755859372,0.00036002855323080674,False
2017-09-21,249.38999938964844,-0.00267934965802874,False
2017-09-22,249.44000244140625,0.00020050143101246753,False
2017-09-25,248.92999267578125,-0.002044618989068492,False
2017-09-26,249.0800018310547,0.0006026158345202592,False
2017-09-27,250.0500030517578,0.0038943360108092406,False
2017-09-28,250.3500061035156,0.0011997722379379905,False
2017-09-29,251.22999572753903,0.003515037357976203,False
2017-10-02,252.32000732421875,0.004338700056588207,False
2017-10-03,252.8600006103516,0.002140112834726482,False
2017-10-04,253.16000366210935,0.0011864393381064708,False
2017-10-05,254.66000366210935,0.0059251065662095925,False
2017-10-06,254.3699951171875,-0.0011388068041757737,False
2017-10-09,253.9499969482422,-0.0016511309392124307,False
2017-10-10,254.6199951171875,0.0026383074502729364,False
2017-10-11,255.0200042724609,0.0015710044888237462,False
2017-10-12,254.63999938964844,-0.001490098331291989,False
2017-10-13,254.9499969482422,0.0012173953791108083,False
2017-10-16,255.2899932861328,0.0013335804744474267,False
2017-10-17,255.47000122070312,0.0007051115958491838,False
2017-10-18,255.72000122070312,0.000978588479294773,False
2017-10-19,255.7899932861328,0.000273705870075025,False
2017-10-20,257.1099853515625,0.005160452324470377,False
2017-10-23,256.1099853515625,-0.0038893860875633957,False
2017-10-24,256.5599975585937,0.0017571052780838148,False
2017-10-25,255.2899932861328,-0.004950125836241659,False
2017-10-26,255.6199951171875,0.001292654783710212,False
2017-10-27,257.7099914550781,0.00817618487525773,False
2017-10-30,256.75,-0.0037250843463919603,False
2017-10-31,257.1499938964844,0.0015579119629380855,False
2017-11-01,257.489990234375,0.0013221712850886025,False
2017-11-02,257.5899963378906,0.00038838831530729756,False
2017-11-03,258.45001220703125,0.0033387005759824007,False
2017-11-06,258.8500061035156,0.0015476644518939153,False
2017-11-07,258.6700134277344,-0.0006953551150749027,False
2017-11-08,259.1099853515625,0.0017009003788182042,False
2017-11-09,258.1700134277344,-0.0036276947125475356,False
2017-11-10,258.0899963378906,-0.0003099395192390775,False
2017-11-13,258.3299865722656,0.0009298703467017777,False
2017-11-14,257.7300109863281,-0.0023225162277847877,False
2017-11-15,256.44000244140625,-0.005005270980996901,False
2017-11-16,258.6199951171875,0.00850098524031706,False
2017-11-17,257.8599853515625,-0.002938712319133008,False
2017-11-20,258.29998779296875,0.0017063618490722465,False
2017-11-21,259.989990234375,0.006542789474542232,False
2017-11-22,259.760009765625,-0.000884574319736986,False
2017-11-24,260.3599853515625,0.0023097303795101,False
2017-11-27,260.2300109863281,-0.0004992102187241221,False
2017-11-28,262.8699951171875,0.010144810434635332,False
2017-11-29,262.7099914550781,-0.0006086798230359181,False
2017-11-30,265.010009765625,0.008754970824701891,False
2017-12-01,264.4599914550781,-0.0020754623986969367,False
2017-12-04,264.1400146484375,-0.0012099251946583456,False
2017-12-05,263.19000244140625,-0.0035966235872882946,False
2017-12-06,263.239990234375,0.00018993044000548132,False
2017-12-07,264.07000732421875,0.0031530812970503863,False
2017-12-08,265.510009765625,0.005453108650988359,False
2017-12-11,266.3099975585937,0.003013023100993051,False
2017-12-12,266.7799987792969,0.0017648651008672633,False
2017-12-13,266.75,-0.00011244763263418278,False
2017-12-14,265.6600036621094,-0.00408620932667525,False
2017-12-15,266.510009765625,0.0031996013392996403,False
2017-12-18,268.20001220703125,0.006341234398259399,False
2017-12-19,267.1700134277344,-0.003840412872545995,False
2017-12-20,267.0299987792969,-0.0005240657311842423,False
2017-12-21,267.5799865722656,0.0020596479627119635,False
2017-12-22,267.510009765625,-0.0002615173411772975,False
2017-12-26,267.19000244140625,-0.001196244299415672,False
2017-12-27,267.32000732421875,0.0004865634253699014,False
2017-12-28,267.8699951171875,0.0020574135040394292,False
2017-12-29,266.8599853515625,-0.0037705222086674706,False
2018-01-02,268.7699890136719,0.007157325065401343,False
2018-01-03,270.4700012207031,0.006325156366117746,False
2018-01-04,271.6099853515625,0.004214826508353253,False
2018-01-05,273.4200134277344,0.0066640704458234,False
2018-01-08,273.9200134277344,0.0018286883748257488,False
2018-01-09,274.5400085449219,0.002263416642797056,False
2018-01-10,274.1199951171875,-0.0015298805808321436,False
2018-01-11,276.1199951171875,0.007296074841767641,False
2018-01-12,277.9200134277344,0.006518971252997829,False
2018-01-16,276.9700012207031,-0.0034182936137424624,False
2018-01-17,279.6099853515625,0.00953166089910118,False
2018-01-18,279.1400146484375,-0.0016808080102507228,False
2018-01-19,280.4100036621094,0.004549648731914546,False
2018-01-22,282.69000244140625,0.008130946647838755,False
2018-01-23,283.2900085449219,0.002122487878360557,False
2018-01-24,283.17999267578125,-0.00038835068594800237,False
2018-01-25,283.29998779296875,0.0004237415081964624,False
2018-01-26,286.5799865722656,0.01157782887620118,False
2018-01-29,284.67999267578125,-0.00662989038142503,False
2018-01-30,281.760009765625,-0.010257071045669863,False
2018-01-31,281.8999938964844,0.0004968204358588579,False
2018-02-01,281.5799865722656,-0.001135180316237494,False
2018-02-02,275.45001220703125,-0.021769922073851533,True
2018-02-05,263.92999267578125,-0.041822541371286714,True
2018-02-06,269.1300048828125,0.01970224056126546,False
2018-02-07,267.6700134277344,-0.005424855752199975,False
2018-02-08,257.6300048828125,-0.03750890290754394,True
2018-02-09,261.5,0.015021523284711513,False
2018-02-12,265.3399963378906,0.014684498424055947,False
2018-02-13,266.0,0.0024873885249809824,False
2018-02-14,269.5899963378906,0.013496226834175173,False
2018-02-15,273.0299987792969,0.012760126444360864,False
2018-02-16,273.1099853515625,0.00029295891522274076,False
2018-02-20,271.3999938964844,-0.0062611824788351145,False
2018-02-21,270.04998779296875,-0.004974230412217784,False
2018-02-22,270.3999938964844,0.0012960789458873467,False
2018-02-23,274.7099914550781,0.01593934044334233,False
2018-02-26,277.8999938964844,0.011612254889272533,False
2018-02-27,274.42999267578125,-0.01248651060422723,False
2018-02-28,271.6499938964844,-0.01013008364060719,False
2018-03-01,267.70001220703125,-0.01454070229413773,False
2018-03-02,269.0799865722656,0.005154928286544624,False
2018-03-05,272.19000244140625,0.011557960548304713,False
2018-03-06,272.8800048828125,0.002535002884813009,False
2018-03-07,272.7799987792969,-0.00036648380872972286,False
2018-03-08,274.1000061035156,0.00483909131947291,False
2018-03-09,278.8699951171875,0.017402367411369024,False
2018-03-12,278.5199890136719,-0.0012550869926631902,False
2018-03-13,276.7200012207031,-0.006462688007934703,False
2018-03-14,275.29998779296875,-0.005131589409765214,False
2018-03-15,275.0,-0.0010896760126061222,False
2018-03-16,274.20001220703125,-0.002909046519886327,False
2018-03-19,270.489990234375,-0.013530349407333553,False
2018-03-20,270.95001220703125,0.0017006986922423195,False
2018-03-21,270.42999267578125,-0.0019192452770685486,False
2018-03-22,263.6700134277344,-0.02499715057919416,True
2018-03-23,258.04998779296875,-0.021314618077743375,True
2018-03-26,265.1099853515625,0.027359030779175786,True
2018-03-27,260.6000061035156,-0.01701172908318105,False
2018-03-28,259.8299865722656,-0.0029547947552392984,False
2018-03-29,263.1499938964844,0.012777614193099973,False
2018-04-02,257.4700012207031,-0.02158462020719487,True
2018-04-03,260.7699890136719,0.012816979754235458,False
2018-04-04,263.5599975585937,0.01069911670232715,False
2018-04-05,265.6400146484375,0.007892006029410314,False
2018-04-06,259.7200012207031,-0.02228584965096181,True
2018-04-09,261.0,0.004928379690746887,False
2018-04-10,265.1499938964844,0.015900359756645166,False
2018-04-11,263.760009765625,-0.005242255941374951,False
2018-04-12,265.92999267578125,0.008227111123041198,False
2018-04-13,265.1499938964844,-0.002933098186663874,False
2018-04-16,267.3299865722656,0.008221733833538414,False
2018-04-17,270.19000244140625,0.010698447659434285,False
2018-04-18,270.3900146484375,0.0007402650180390324,False
2018-04-19,268.8900146484375,-0.005547542138160333,False
2018-04-20,266.6099853515625,-0.008479412297463074,False
2018-04-23,266.57000732421875,-0.0001499494750394348,False
2018-04-24,262.9800109863281,-0.013467367818031595,False
2018-04-25,263.6300048828125,0.0024716475371893143,False
2018-04-26,266.3099975585937,0.01016573465138193,False
2018-04-27,266.5599975585937,0.0009387555942017567,False
2018-04-30,264.510009765625,-0.00769053050624402,False
2018-05-01,264.9800109863281,0.0017768749890394453,False
2018-05-02,263.20001220703125,-0.0067174832270223694,False
2018-05-03,262.6199951171875,-0.0022037122452240876,False
2018-05-04,266.0199890136719,0.012946439569337498,False
2018-05-07,266.9200134277344,0.003383296185371476,False
2018-05-08,266.9200134277344,0.0,False
2018-05-09,269.5,0.009665766680939214,False
2018-05-10,272.0199890136719,0.009350608585053433,False
2018-05-11,272.8500061035156,0.003051309180819084,False
2018-05-14,272.9800109863281,0.00047647014808260835,False
2018-05-15,271.1000061035156,-0.006886969034910928,False
2018-05-16,272.239990234375,0.0042050317417701155,False
2018-05-17,272.010009765625,-0.000844771073316597,False
2018-05-18,271.3299865722656,-0.0024999932684289794,False
2018-05-21,273.3699951171875,0.007518551748346924,False
2018-05-22,272.6099853515625,-0.0027801506354023786,False
2018-05-23,273.3599853515625,0.0027511831565258937,False
2018-05-24,272.79998779296875,-0.0020485718049536583,False
2018-05-25,272.1499938964844,-0.0023826756802410864,False
2018-05-29,269.0199890136719,-0.011501028671722202,False
2018-05-30,272.6099853515625,0.013344719665824512,False
2018-05-31,270.94000244140625,-0.006125905138810728,False
2018-06-01,273.6000061035156,0.009817685237101914,False
2018-06-04,274.8999938964844,0.004751417265966396,False
2018-06-05,275.1000061035156,0.0007275817077920799,False
2018-06-06,277.3999938964844,0.008360551588295184,False
2018-06-07,277.3699951171875,-0.00010814268189229814,False
2018-06-08,278.19000244140625,0.0029563663649787575,False
2018-06-11,278.5599975585937,0.0013300086773080366,False
2018-06-12,278.9200134277344,0.0012924176920448005,False
2018-06-13,278.0299987792969,-0.003190931469921554,False
2018-06-14,278.7300109863281,0.002517757832265266,False
2018-06-15,277.1300048828125,-0.005740343846913909,False
2018-06-18,276.5599975585937,-0.002056822841899897,False
2018-06-19,275.5,-0.0038327942144601446,False
2018-06-20,275.9700012207031,0.0017059935415721927,False
2018-06-21,274.239990234375,-0.006268837115178227,False
2018-06-22,274.739990234375,0.0018232206016806085,False
2018-06-25,271.0,-0.01361283528904722,False
2018-06-26,271.6000061035156,0.0022140446624192567,False
2018-06-27,269.3500061035156,-0.008284241345497101,False
2018-06-28,270.8900146484375,0.005717499573139051,False
2018-06-29,271.2799987792969,0.001439640111376983,False
2018-07-02,271.8599853515625,0.002137962897653445,False
2018-07-03,270.8999938964844,-0.0035311980681403954,False
2018-07-05,273.1099853515625,0.008157960520008833,False
2018-07-06,275.4200134277344,0.008458233679000449,False
2018-07-09,277.8999938964844,0.009004358245014332,False
2018-07-10,278.8999938964844,0.003598416775685509,False
2018-07-11,276.8599853515625,-0.007314480421534264,False
2018-07-12,279.3699951171875,0.00906598966418981,False
2018-07-13,279.5899963378906,0.0007874905127547294,False
2018-07-16,279.3399963378906,-0.0008941664697397211,False
2018-07-17,280.4700012207031,0.004045267049569423,False
2018-07-18,281.0599975585937,0.002103598728287137,False
2018-07-19,280.0,-0.0037714280502429975,False
2018-07-20,279.67999267578125,-0.0011428833007812722,False
2018-07-23,280.20001220703125,0.0018593376175206622,False
2018-07-24,281.6099853515625,0.005032023851196277,False
2018-07-25,284.010009765625,0.00852251176770702,False
2018-07-26,283.3399963378906,-0.0023591190616389923,False
2018-07-27,281.4200134277344,-0.006776250917525317,False
2018-07-30,279.95001220703125,-0.005223513433882387,False
2018-07-31,281.3299865722656,0.004929359903774078,False
2018-08-01,280.8599853515625,-0.0016706403267907621,False
2018-08-02,282.3900146484375,0.0054476585369034325,False
2018-08-03,283.6000061035156,0.004284823797982007,False
2018-08-06,284.6400146484375,0.003667166863678739,False
2018-08-07,285.5799865722656,0.0033023182808260554,False
2018-08-08,285.4599914550781,-0.00042018041469837897,False
2018-08-09,285.07000732421875,-0.00136616038160553,False
2018-08-10,283.1600036621094,-0.006700121419427552,False
2018-08-13,282.1000061035156,-0.0037434579209096874,False
2018-08-14,283.8999938964844,0.006380672648083063,False
2018-08-15,281.7799987792969,-0.007467401066449053,False
2018-08-16,284.0599975585937,0.008091414540329467,False
2018-08-17,285.0599975585937,0.003520383047928899,False
2018-08-20,285.6700134277344,0.0021399560596546685,False
2018-08-21,286.3399963378906,0.0023453035973821645,False
2018-08-22,286.1700134277344,-0.000593640121290151,False
2018-08-23,285.7900085449219,-0.001327899028485957,False
2018-08-24,287.510009765625,0.006018409214025189,False
2018-08-27,289.7799987792969,0.007895339071924301,False
2018-08-28,289.9200134277344,0.0004831756816456867,False
2018-08-29,291.4800109863281,0.005380786031808693,False
2018-08-30,290.29998779296875,-0.004048384619467882,False
2018-08-31,290.3099975585937,3.4480764883992876e-05,False
2018-09-04,289.8099975585937,-0.001722296869569817,False
2018-09-05,289.0299987792969,-0.0026914143261711487,False
2018-09-06,288.1600036621094,-0.0030100512779360766,False
2018-09-07,287.6000061035156,-0.0019433563002393406,False
2018-09-10,288.1000061035156,0.0017385256932853643,False
2018-09-11,289.04998779296875,0.003297402531507787,False
2018-09-12,289.1199951171875,0.0002421979836542132,False
2018-09-13,290.8299865722656,0.005914469714849879,False
2018-09-14,290.8800048828125,0.00017198470878598826,False
2018-09-17,289.3399963378906,-0.005294308715177221,False
2018-09-18,290.9100036621094,0.005426167637001322,False
2018-09-19,291.2200012207031,0.0010656132642101745,False
2018-09-20,293.5799865722656,0.008103788687831015,False
2018-09-21,291.989990234375,-0.005415888039422723,False
2018-09-24,291.0199890136719,-0.0033220358681629314,False
2018-09-25,290.75,-0.0009277335711094237,False
2018-09-26,289.8800048828125,-0.0029922445990971935,False
2018-09-27,290.69000244140625,0.0027942512244720774,False
2018-09-28,290.7200012207031,0.00010319852435558552,False
2018-10-01,291.7300109863281,0.0034741667631537076,False
2018-10-02,291.5599975585937,-0.0005827766130732659,False
2018-10-03,291.7200012207031,0.0005487846873688529,False
2018-10-04,289.44000244140625,-0.007815709480859079,False
2018-10-05,287.82000732421875,-0.005596998008302045,False
2018-10-08,287.82000732421875,0.0,False
2018-10-09,287.3999938964844,-0.0014592919777853819,False
2018-10-10,278.29998779296875,-0.031663209104984436,True
2018-10-11,272.1700134277344,-0.022026498864939015,True
2018-10-12,275.95001220703125,0.013888373416642175,False
2018-10-15,274.3999938964844,-0.005617025700234368,False
2018-10-16,280.3999938964844,0.021865889699193897,True
2018-10-17,280.45001220703125,0.00017838199584740977,False
2018-10-18,276.3999938964844,-0.014441141502098076,False
2018-10-19,276.25,-0.0005426696808847886,False
2018-10-22,275.010009765625,-0.004488652432126705,False
2018-10-23,273.6099853515625,-0.005090812568079417,False
2018-10-24,265.32000732421875,-0.03029852151299206,True
2018-10-25,270.0799865722656,0.017940521320091163,False
2018-10-26,265.3299865722656,-0.017587382390990447,False
2018-10-29,263.8599853515625,-0.005540275487492807,False
2018-10-30,267.7699890136719,0.01481847903879685,False
2018-10-31,270.6300048828125,0.010680867858550824,False
2018-11-01,273.510009765625,0.010641853567048498,False
2018-11-02,271.8900146484375,-0.005922982923278419,False
2018-11-05,273.3900146484375,0.0055169366993470526,False
2018-11-06,275.1199951171875,0.006327884619248714,False
2018-11-07,281.010009765625,0.02140889340278096,True
2018-11-08,280.5,-0.0018149167214732698,False
2018-11-09,277.760009765625,-0.009768236129679142,False
2018-11-12,272.57000732421875,-0.018685203985215892,True
2018-11-13,272.0599975585937,-0.0018711147665575467,False
2018-11-14,270.20001220703125,-0.006836673411209082,False
2018-11-15,273.0199890136719,0.010436627236270812,False
2018-11-16,273.7300109863281,0.0026006226695023393,False
2018-11-19,269.1000061035156,-0.016914494929252566,False
2018-11-20,264.1199951171875,-0.018506171956058748,True
2018-11-21,265.0199890136719,0.003407518980473423,False
2018-11-23,263.25,-0.006678700049227437,False
2018-11-26,267.5,0.01614434947768273,False
2018-11-27,268.3999938964844,0.0033644631644276224,False
2018-11-28,274.5799865722656,0.02302530855557583,True
2018-11-29,273.9800109863281,-0.0021850667028844306,False
2018-11-30,275.6499938964844,0.006095272805283436,False
2018-12-03,279.29998779296875,0.013241407499740676,False
2018-12-04,270.25,-0.03240239236844167,True
2018-12-06,269.8399963378906,-0.0015171273343547176,False
2018-12-07,263.57000732421875,-0.023235951299897972,True
2018-12-10,264.07000732421875,0.0018970291994755417,False
2018-12-11,264.1300048828125,0.00022720322993774467,False
2018-12-12,265.4599914550781,0.005035348304543108,False
2018-12-13,265.3699951171875,-0.0003390203450144291,False
2018-12-14,260.4700012207031,-0.018464762356876663,True
2018-12-17,255.3600006103516,-0.019618384406662193,True
2018-12-18,255.0800018310547,-0.001096486445127165,False
2018-12-19,251.25999450683597,-0.014975722505870093,False
2018-12-20,247.1699981689453,-0.0162779448671021,False
2018-12-21,240.6999969482422,-0.026176321028577143,True
2018-12-24,234.33999633789065,-0.026422935982500784,True
2018-12-26,246.17999267578125,0.05052486354407337,True
2018-12-27,248.07000732421875,0.0076773690172566855,False
2018-12-28,247.75,-0.001289987966181294,False
2018-12-31,249.9199981689453,0.008758822074451222,False
2019-01-02,250.17999267578125,0.0010403109344623296,False
2019-01-03,244.2100067138672,-0.023862763357143546,True
2019-01-04,252.38999938964844,0.03349573093196567,True
2019-01-07,254.3800048828125,0.007884644787735207,False
2019-01-08,256.7699890136719,0.009395330155608672,False
2019-01-09,257.9700012207031,0.004673490899932853,False
2019-01-10,258.8800048828125,0.003527556141424526,False
2019-01-11,258.9800109863281,0.0003863029265658291,False
2019-01-14,257.3999938964844,-0.0061009229392887665,False
2019-01-15,260.3500061035156,0.011460809156886187,False
2019-01-16,260.9800109863281,0.0024198381718569806,False
2019-01-17,262.9599914550781,0.0075867131021529755,False
2019-01-18,266.4599914550781,0.013310009559374114,False
2019-01-22,262.8599853515625,-0.013510493953920788,False
2019-01-23,263.4100036621094,0.002092438336748881,False
2019-01-24,263.54998779296875,0.0005314305793751029,False
2019-01-25,265.7799987792969,0.00846143460298654,False
2019-01-28,263.760009765625,-0.007600229599478925,False
2019-01-29,263.4100036621094,-0.0013269869978645987,False
2019-01-30,267.5799865722656,0.015830768961627273,False
2019-01-31,269.92999267578125,0.008782443461558875,False
2019-02-01,270.0599975585937,0.00048162444463373255,False
2019-02-04,271.9599914550781,0.007035451061470965,False
2019-02-05,273.1000061035156,0.004191846904899599,False
2019-02-06,272.739990234375,-0.0013182565400755575,False
2019-02-07,270.1400146484375,-0.009532799292480854,False
2019-02-08,270.4700012207031,0.0012215390329901599,False
2019-02-11,270.6199951171875,0.0005545675890390456,False
2019-02-12,274.1000061035156,0.012859400817079925,False
2019-02-13,274.989990234375,0.0032469321818375807,False
2019-02-14,274.3800048828125,-0.002218209292064066,False
2019-02-15,277.3699951171875,0.01089725993573043,False
2019-02-19,277.8500061035156,0.001730580072748289,False
2019-02-20,278.4100036621094,0.002015467145194627,False
2019-02-21,277.4200134277344,-0.003555871633034058,False
2019-02-22,279.1400146484375,0.006199989681534568,False
2019-02-25,279.5199890136719,0.0013612321605447342,False
2019-02-26,279.32000732421875,-0.0007154468278236514,False
2019-02-27,279.20001220703125,-0.0004295972864135633,False
2019-02-28,278.67999267578125,-0.001862534056282228,False
2019-03-01,280.4200134277344,0.00624379502541994,False
2019-03-04,279.3999938964844,-0.0036374705171065003,False
2019-03-05,279.0199890136719,-0.0013600747713448103,False
2019-03-06,277.3299865722656,-0.00605692247132672,False
2019-03-07,275.010009765625,-0.008365401936209604,False
2019-03-08,274.4599914550781,-0.001999993785737564,False
2019-03-11,278.44000244140625,0.014501242841361561,False
2019-03-12,279.489990234375,0.00377096603850835,False
2019-03-13,281.3399963378906,0.0066192213251152765,False
2019-03-14,281.1600036621094,-0.0006397692405066824,False
2019-03-15,281.3099975585937,0.0005334823393463584,False
2019-03-18,282.3299865722656,0.0036258541200957506,False
2019-03-19,282.3999938964844,0.0002479627653750871,False
2019-03-20,281.54998779296875,-0.0030099366922338167,False
2019-03-21,284.7300109863281,0.011294701940096408,False
2019-03-22,279.25,-0.0192463413580638,True
2019-03-25,279.0400085449219,-0.0007519837245412164,False
2019-03-26,281.1199951171875,0.007454080090922854,False
2019-03-27,279.6499938964844,-0.005229088098448242,False
2019-03-28,280.7099914550781,0.003790443703660884,False
2019-03-29,282.4800109863281,0.0063055095476829415,False
2019-04-01,285.8299865722656,0.011859159783520479,False
2019-04-02,285.9700012207031,0.0004898529021275522,False
2019-04-03,286.4200134277344,0.0015736343151739884,False
2019-04-04,287.17999267578125,0.002653373411137805,False
2019-04-05,288.57000732421875,0.004840221059573491,False
2019-04-08,288.7900085449219,0.0007623842226123223,False
2019-04-09,287.3099975585937,-0.005124869083197425,False
2019-04-10,288.2900085449219,0.003410988112685809,False
2019-04-11,288.2099914550781,-0.00027755762417025487,False
2019-04-12,290.1600036621094,0.006765942419922011,False
2019-04-15,289.9700012207031,-0.0006548195444177063,False
2019-04-16,290.1600036621094,0.000655248614016557,False
2019-04-17,289.45001220703125,-0.0024468963541401934,False
2019-04-18,290.0199890136719,0.001969171817594928,False
2019-04-22,290.2699890136719,0.0008620095492390956,False
2019-04-23,292.8800048828125,0.008991683494423253,False
2019-04-24,292.2300109863281,-0.002219318101775003,False
2019-04-25,292.04998779296875,-0.0006160325311961312,False
2019-04-26,293.4100036621094,0.004656791391837833,False
2019-04-29,293.8699951171875,0.0015677429172040735,False
2019-04-30,294.0199890136719,0.0005104090209160361,False
2019-05-01,291.8099975585937,-0.007516466694974966,False
2019-05-02,291.17999267578125,-0.0021589557865848708,False
2019-05-03,294.0299987792969,0.009787781355874214,False
2019-05-06,292.82000732421875,-0.004115197293138695,False
2019-05-07,287.92999267578125,-0.016699728591370255,False
2019-05-08,287.5299987792969,-0.0013892053855424358,False
2019-05-09,286.6600036621094,-0.003025754254794455,False
2019-05-10,288.1000061035156,0.005023381089130252,False
2019-05-13,280.8599853515625,-0.02513023463578734,True
2019-05-14,283.3999938964844,0.009043682537198894,False
2019-05-15,285.0599975585937,0.005857458355188472,False
2019-05-16,287.70001220703125,0.009261259633228214,False
2019-05-17,285.8399963378906,-0.006465122663262712,False
2019-05-20,283.95001220703125,-0.0066120352472479604,False
2019-05-21,286.510009765625,0.009015662787600798,False
2019-05-22,285.6300048828125,-0.0030714629605170796,False
2019-05-23,282.1400146484375,-0.012218570089675529,False
2019-05-24,282.7799987792969,0.0022683210378962038,False
2019-05-28,280.1499938964844,-0.009300533609752026,False
2019-05-29,278.2699890136719,-0.006710708276892463,False
2019-05-30,279.0299987792969,0.0027311955856930137,False
2019-05-31,275.2699890136719,-0.013475288614393843,False
2019-06-03,274.57000732421875,-0.0025428914062199937,False
2019-06-04,280.5299987792969,0.021706636908962906,True
2019-06-05,282.9599914550781,0.00866214909761931,False
2019-06-06,284.79998779296875,0.006502673146223659,False
2019-06-07,287.6499938964844,0.010007044331713288,False
2019-06-10,288.9700012207031,0.004588935693472518,False
2019-06-11,288.8999938964844,-0.00024226502378454917,False
2019-06-12,288.3900146484375,-0.0017652449249604407,False
2019-06-13,289.5799865722656,0.004126259105325714,False
2019-06-14,289.260009765625,-0.001104968649346838,False
2019-06-17,289.3699951171875,0.00038023006239829016,False
2019-06-18,292.3999938964844,0.010471019215623212,False
2019-06-19,293.0599975585937,0.0022571945139744365,False
2019-06-20,295.8599853515625,0.009554315895361931,False
2019-06-21,294.0,-0.006286708049932255,False
2019-06-24,293.6400146484375,-0.0012244399713010612,False
2019-06-25,290.760009765625,-0.009807944214485276,False
2019-06-26,290.4700012207031,-0.0009974155151378783,False
2019-06-27,291.5,0.003545972991938262,False
2019-06-28,293.0,0.005145797598627766,False
2019-07-01,295.6600036621094,0.009078510792182248,False
2019-07-02,296.42999267578125,0.0026043056353062255,False
2019-07-03,298.79998779296875,0.007995125917571011,False
2019-07-05,298.4599914550781,-0.0011378726632552683,False
2019-07-08,296.82000732421875,-0.005494820672157674,False
2019-07-09,297.19000244140625,0.0012465302474820028,False
2019-07-10,298.6099853515625,0.00477803054776782,False
2019-07-11,299.3099975585937,0.0023442357636067612,False
2019-07-12,300.6499938964844,0.004476951484483349,False
2019-07-15,300.75,0.0003326329803621242,False
2019-07-16,299.7799987792969,-0.0032252742168017434,False
2019-07-17,297.739990234375,-0.00680501885792506,False
2019-07-18,298.8299865722656,0.0036609000256653257,False
2019-07-19,297.1700134277344,-0.0055549082057393395,False
2019-07-22,297.8999938964844,0.0024564405416616086,False
2019-07-23,300.0299987792969,0.0071500668897384045,False
2019-07-24,301.44000244140625,0.004699542271926482,False
2019-07-25,300.0,-0.004777078124148959,False
2019-07-26,302.010009765625,0.006700032552083401,False
2019-07-29,301.4599914550781,-0.001821192320657583,False
2019-07-30,300.7200012207031,-0.0024546880360581946,False
2019-07-31,297.42999267578125,-0.010940438053893442,False
2019-08-01,294.8399963378906,-0.008707919179872015,False
2019-08-02,292.6199951171875,-0.00752951176325134,False
2019-08-05,283.82000732421875,-0.030073091175620292,True
2019-08-06,287.79998779296875,0.014022903128895647,False
2019-08-07,287.9700012207031,0.0005907346592963769,False
2019-08-08,293.6199951171875,0.019620078037761113,False
2019-08-09,291.6199951171875,-0.006811525213743619,False
2019-08-12,288.07000732421875,-0.012173334656089607,False
2019-08-13,292.54998779296875,0.01555170741432943,False
2019-08-14,283.8999938964844,-0.029567575653449696,True
2019-08-15,284.6499938964844,0.002641775329778495,False
2019-08-16,288.8500061035156,0.014755005435055812,False
2019-08-19,292.3299865722656,0.012047707790260098,False
2019-08-20,290.0899963378906,-0.00766254006521927,False
2019-08-21,292.45001220703125,0.008135461060131632,False
2019-08-22,292.3599853515625,-0.0003078367300768381,False
2019-08-23,284.8500061035156,-0.025687438857325606,True
2019-08-26,288.0,0.011058430152673493,False
2019-08-27,286.8699951171875,-0.003923628065321205,False
2019-08-28,288.8900146484375,0.007041585267308248,False
2019-08-29,292.5799865722656,0.012772929962008517,False
2019-08-30,292.45001220703125,-0.0004442353243538921,False
2019-09-03,290.739990234375,-0.0058472282485175775,False
2019-09-04,294.0400085449219,0.01135041074977905,False
2019-09-05,297.82000732421875,0.012855389298900066,False
2019-09-06,298.04998779296875,0.0007722129578071613,False
2019-09-09,298.20001220703125,0.0005033531964668825,False
2019-09-10,298.1300048828125,-0.000234766335858283,False
2019-09-11,300.25,0.007110975354596816,False
2019-09-12,301.2900085449219,0.0034638086425373693,False
2019-09-13,301.0899963378906,-0.0006638527709471598,False
2019-09-16,300.1600036621094,-0.0030887531538497104,False
2019-09-17,300.9200134277344,0.0025320154462702416,False
2019-09-18,301.1000061035156,0.0005981412593034641,False
2019-09-19,301.0799865722656,-6.648798021979818e-05,False
2019-09-20,298.2799987792969,-0.009299813730052398,False
2019-09-23,298.2099914550781,-0.00023470338106901245,False
2019-09-24,295.8699951171875,-0.007846807300026737,False
2019-09-25,297.6199951171875,0.005914759958362437,False
2019-09-26,297.0,-0.0020831769617608575,False
2019-09-27,295.3999938964844,-0.005387225937763085,False
2019-09-30,296.7699890136719,0.004637762848660021,False
2019-10-01,293.239990234375,-0.011894729622186517,False
2019-10-02,288.0599975585937,-0.017664687110517052,False
2019-10-03,290.4200134277344,0.008192792783248581,False
2019-10-04,294.3500061035156,0.013532100041580453,False
2019-10-07,293.0799865722656,-0.004314657737100158,False
2019-10-08,288.5299987792969,-0.015524730453905788,False
2019-10-09,291.2699890136719,0.009496379045393022,False
2019-10-10,293.239990234375,0.006763488498674919,False
2019-10-11,296.2799987792969,0.010366964418775604,False
2019-10-14,295.95001220703125,-0.0011137659431119662,False
2019-10-15,298.8800048828125,0.009900295843649376,False
2019-10-16,298.3999938964844,-0.0016060324494318046,False
2019-10-17,299.2799987792969,0.002949078085831891,False
2019-10-18,297.9700012207031,-0.0043771637394312,False
2019-10-21,299.989990234375,0.00677916906197451,False
2019-10-22,299.010009765625,-0.0032667105591902557,False
2019-10-23,299.8800048828125,0.002909585260605363,False
2019-10-24,300.3699951171875,0.001633954336390353,False
2019-10-25,301.6000061035156,0.004094986204758122,False
2019-10-28,303.29998779296875,0.005636543949106176,False
2019-10-29,303.2099914550781,-0.0002967238427720176,False
2019-10-30,304.1400146484375,0.003067257740736906,False
2019-10-31,303.3299865722656,-0.0026633393738347833,False
2019-11-01,306.1400146484375,0.009263931034073414,False
2019-11-04,307.3699951171875,0.004017705657205495,False
2019-11-05,307.0299987792969,-0.0011061468044758493,False
2019-11-06,307.1000061035156,0.00022801460605514912,False
2019-11-07,308.17999267578125,0.003516725987630087,False
2019-11-08,308.94000244140625,0.0024661229920417416,False
2019-11-11,308.3500061035156,-0.0019097440707844804,False
2019-11-12,309.0,0.0021079743266363415,False
2019-11-13,309.1000061035156,0.00032364434794707186,False
2019-11-14,309.54998779296875,0.001455780267123119,False
2019-11-15,311.7900085449219,0.007236378098167684,False
2019-11-18,312.0199890136719,0.0007376133373333538,False
2019-11-19,311.92999267578125,-0.00028843132190059517,False
2019-11-20,310.7699890136719,-0.0037187948877845933,False
2019-11-21,310.2699890136719,-0.0016089069655242927,False
2019-11-22,310.9599914550781,0.0022238774803831074,False
2019-11-25,313.3699951171875,0.007750204940617067,False
2019-11-26,314.0799865722656,0.002265665080068091,False
2019-11-27,315.4800109863281,0.004457540989293074,False
2019-11-29,314.3099975585937,-0.0037086768954915916,False
2019-12-02,311.6400146484375,-0.008494743822644257,False
2019-12-03,309.54998779296875,-0.006706542026788553,False
2019-12-04,311.4599914550781,0.00617025920668679,False
2019-12-05,312.0199890136719,0.001797975900460047,False
2019-12-06,314.8699951171875,0.009134049752789197,False
2019-12-09,313.8800048828125,-0.00314412376449702,False
2019-12-10,313.5299987792969,-0.001115095253188536,False
2019-12-11,314.4200134277344,0.002838690561996371,False
2019-12-12,317.1300048828125,0.008619017045176092,False
2019-12-13,317.32000732421875,0.0005991310771003011,False
2019-12-16,319.5,0.0068700133160966015,False
2019-12-17,319.57000732421875,0.00021911525577067437,False
2019-12-18,319.5899963378906,6.254971747576832e-05,False
2019-12-19,320.8999938964844,0.004098994253902477,False
2019-12-20,320.7300109863281,-0.0005297068039554764,False
2019-12-23,321.2200012207031,0.001527734286131066,False
2019-12-24,321.2300109863281,3.116171342676388e-05,False
2019-12-26,322.94000244140625,0.005323261826712944,False
2019-12-27,322.8599853515625,-0.0002477769531146201,False
2019-12-30,321.0799865722656,-0.005513222015910757,False
2019-12-31,321.8599853515625,0.0024292974084865193,False
2020-01-02,324.8699951171875,0.009351922893854558,False
2020-01-03,322.4100036621094,-0.007572233484322677,False
2020-01-06,323.6400146484375,0.0038150521769082513,False
2020-01-07,322.7300109863281,-0.0028117773480448305,False
2020-01-08,324.45001220703125,0.005329536027487647,False
2020-01-09,326.6499938964844,0.006780649119067839,False
2020-01-10,325.7099914550781,-0.002877705369570993,False
2020-01-13,327.95001220703125,0.006877347366428754,False
2020-01-14,327.45001220703125,-0.0015246225991427664,False
2020-01-15,328.19000244140625,0.0022598570981489097,False
2020-01-16,330.9200134277344,0.008318385587676502,False
2020-01-17,331.95001220703125,0.0031125309364881115,False
2020-01-21,331.29998779296875,-0.001958199699227836,False
2020-01-22,331.3399963378906,0.00012076228915192111,False
2020-01-23,331.7200012207031,0.0011468729613461903,False
2020-01-24,328.7699890136719,-0.008893079091328304,False
2020-01-27,323.5,-0.016029410194896898,False
2020-01-28,326.8900146484375,0.010479179747874712,False
2020-01-29,326.6199951171875,-0.0008260256329346571,False
2020-01-30,327.67999267578125,0.003245354156022895,False
2020-01-31,321.7300109863281,-0.018157903510881312,False
2020-02-03,324.1199951171875,0.0074285396116215985,False
2020-02-04,329.0599975585937,0.015241276427947925,False
2020-02-05,332.8599853515625,0.011548008938072618,False
2020-02-06,333.9800109863281,0.0033648551464744436,False
2020-02-07,332.20001220703125,-0.005329656628371482,False
2020-02-10,334.67999267578125,0.007465323231850007,False
2020-02-11,335.260009765625,0.001733049786473595,False
2020-02-12,337.4200134277344,0.006442771577855,False
2020-02-13,337.0599975585937,-0.0010669665544832396,False
2020-02-14,337.6000061035156,0.0016021140118476218,False
2020-02-18,336.7300109863281,-0.0025769997081124263,False
2020-02-19,338.3399963378906,0.00478123511131856,False
2020-02-20,336.95001220703125,-0.004108246574168639,False
2020-02-21,333.4800109863281,-0.010298267087080704,False
2020-02-24,322.4200134277344,-0.03316539880720826,True
2020-02-25,312.6499938964844,-0.030302149756096908,True
2020-02-26,311.5,-0.0036782149973914047,False
2020-02-27,297.510009765625,-0.044911686145666097,True
2020-02-28,296.260009765625,-0.004201539306138757,False
2020-03-02,309.0899963378906,0.043306508301324875,True
2020-03-03,300.239990234375,-0.02863245724019159,True
2020-03-04,312.8599853515625,0.04203302533861675,True
2020-03-05,302.4599914550781,-0.033241687602835635,True
2020-03-06,297.4599914550781,-0.016531112018967953,False
2020-03-09,274.2300109863281,-0.07809447030209493,True
2020-03-10,288.4200134277344,0.05174489250964487,True
2020-03-11,274.3599853515625,-0.04874844817138435,True
2020-03-12,248.1100006103516,-0.09567716191402476,True
2020-03-13,269.32000732421875,0.08548630309818406,True
2020-03-16,239.8500061035156,-0.10942373540494499,True
2020-03-17,252.8000030517578,0.05399206428476466,True
2020-03-18,240.0,-0.05063292285300003,True
2020-03-19,240.50999450683597,0.002124977111816584,False
2020-03-20,228.8000030517578,-0.04868816981634971,True
2020-03-23,222.9499969482422,-0.025568208153355143,True
2020-03-24,243.1499938964844,0.09060326182884704,True
2020-03-25,246.7899932861328,0.014970180880193862,False
2020-03-26,261.20001220703125,0.05838980231338309,True
2020-03-27,253.4199981689453,-0.029785657253030173,True
2020-03-30,261.6499938964844,0.03247571536186511,True
2020-03-31,257.75,-0.01490538500844496,False
2020-04-01,246.1499938964844,-0.045004873340506735,True
2020-04-02,251.8300018310547,0.023075393359379692,True
2020-04-03,248.19000244140625,-0.014454192761712337,False
2020-04-06,264.8599853515625,0.06716621437679282,True
2020-04-07,265.1300048828125,0.0010194802770664424,False
2020-04-08,274.0299987792969,0.03356841448563386,True
2020-04-09,278.20001220703125,0.015217361041894195,False
2020-04-13,275.6600036621094,-0.009130152528647795,False
2020-04-14,283.7900085449219,0.029492870836560936,True
2020-04-15,277.760009765625,-0.021248101052656954,True
2020-04-16,279.1000061035156,0.004824295401707923,False
2020-04-17,286.6400146484375,0.027015436689475925,True
2020-04-20,281.5899963378906,-0.017617980925449972,False
2020-04-21,273.0400085449219,-0.030363251195576146,True
2020-04-22,279.1000061035156,0.022194540612888725,True
2020-04-23,279.0799865722656,-7.172888144824086e-05,False
2020-04-24,282.9700012207031,0.013938708741589423,False
2020-04-27,287.04998779296875,0.014418442077481775,False
2020-04-28,285.7300109863281,-0.004598421399664487,False
2020-04-29,293.2099914550781,0.026178490817010847,True
2020-04-30,290.4800109863281,-0.009310666581320293,False
2020-05-01,282.7900085449219,-0.026473430702838252,True
2020-05-04,283.57000732421875,0.0027582260890697263,False
2020-05-05,286.19000244140625,0.00923932379841541,False
2020-05-06,284.25,-0.006778721915009722,False
2020-05-07,287.67999267578125,0.01206681680134114,False
2020-05-08,292.44000244140625,0.0165461967700673,False
2020-05-11,292.5,0.00020516194122843778,False
2020-05-12,286.6700134277344,-0.01993157802483969,True
2020-05-13,281.6000061035156,-0.01768586558320595,False
2020-05-14,284.9700012207031,0.011967311946537107,False
2020-05-15,286.2799987792969,0.004596966533256808,False
2020-05-18,295.0,0.030459694208066823,True
2020-05-19,291.9700012207031,-0.010271182302701298,False
2020-05-20,296.92999267578125,0.016988017379665044,False
2020-05-21,294.8800048828125,-0.006903943163488857,False
2020-05-22,295.44000244140625,0.0018990692801170717,False
2020-05-26,299.0799865722656,0.012320552737543622,False
2020-05-27,303.5299987792969,0.014879003633885723,False
2020-05-28,302.9700012207031,-0.0018449496288533984,False
2020-05-29,304.32000732421875,0.004455906849114788,False
2020-06-01,305.54998779296875,0.004041733830006056,False
2020-06-02,308.0799865722656,0.008280146883890893,False
2020-06-03,312.17999267578125,0.01330825201965502,False
2020-06-04,311.3599853515625,-0.002626713253435109,False
2020-06-05,319.3399963378906,0.025629532893630236,True
2020-06-08,323.20001220703125,0.012087480157219055,False
2020-06-09,320.7900085449219,-0.007456694217466864,False
2020-06-10,319.0,-0.0055800009265912776,False
2020-06-11,300.6099853515625,-0.057648948741183426,True
2020-06-12,304.2099914550781,0.011975670399988259,False
2020-06-15,307.04998779296875,0.009335644514194108,False
2020-06-16,312.9599914550781,0.019247692222981838,False
2020-06-17,311.6600036621094,-0.004153846588902832,False
2020-06-18,311.7799987792969,0.00038501930237289095,False
2020-06-19,308.6400146484375,-0.010071153195051807,False
2020-06-22,310.6199951171875,0.006415177471415401,False
2020-06-23,312.04998779296875,0.00460367232715253,False
2020-06-24,304.0899963378906,-0.025508706189596886,True
2020-06-25,307.3500061035156,0.010720542618582574,False
2020-06-26,300.04998779296875,-0.023751482562483606,True
2020-06-29,304.4599914550781,0.014697563211208076,False
2020-06-30,308.3599853515625,0.012809544787298677,False
2020-07-01,310.5199890136719,0.007004811793744015,False
2020-07-02,312.2300109863281,0.005506962621272482,False
2020-07-06,317.04998779296875,0.01543726303379489,False
2020-07-07,313.7799987792969,-0.010313796371464123,False
2020-07-08,316.17999267578125,0.007648651621585456,False
2020-07-09,314.3800048828125,-0.005692921230517234,False
2020-07-10,317.5899963378906,0.01021054585285941,False
2020-07-13,314.8399963378906,-0.008658962913536516,False
2020-07-14,318.9200134277344,0.012959017714715637,False
2020-07-15,321.8500061035156,0.009187233639839087,False
2020-07-16,320.7900085449219,-0.0032934520381920906,False
2020-07-17,321.7200012207031,0.0028990699554503063,False
2020-07-20,324.32000732421875,0.008081580547216305,False
2020-07-21,325.010009765625,0.0021275358467678362,False
2020-07-22,326.8599853515625,0.005692057260856531,False
2020-07-23,322.9599914550781,-0.011931695745166393,False
2020-07-24,320.8800048828125,-0.006440384652273368,False
2020-07-27,323.2200012207031,0.0072924342504456785,False
2020-07-28,321.1700134277344,-0.006342391514221224,False
2020-07-29,325.1199951171875,0.012298725050001957,False
2020-07-30,323.9599914550781,-0.0035679247032814887,False
2020-07-31,326.5199890136719,0.007902202821698623,False
2020-08-03,328.7900085449219,0.006952160993595191,False
2020-08-04,330.0599975585937,0.0038626143759423748,False
2020-08-05,332.1099853515625,0.0062109550025215565,False
2020-08-06,334.3299865722656,0.006684536203731106,False
2020-08-07,334.57000732421875,0.0007179157167860328,False
2020-08-10,335.57000732421875,0.0029889110742402636,False
2020-08-11,332.79998779296875,-0.008254669579494611,False
2020-08-12,337.44000244140625,0.013942352219447729,False
2020-08-13,336.8299865722656,-0.001807775796370037,False
2020-08-14,336.8399963378906,2.9717560858788516e-05,False
2020-08-17,337.9100036621094,0.0031766041320859806,False
2020-08-18,338.6400146484375,0.002160371040858866,False
2020-08-19,337.2300109863281,-0.0041637243123001655,False
2020-08-20,338.2799987792969,0.0031135656933312106,False
2020-08-21,339.4800109863281,0.0035473933172565086,False
2020-08-24,342.9200134277344,0.010133151673383134,False
2020-08-25,344.1199951171875,0.0034993049179556923,False
2020-08-26,347.57000732421875,0.010025608090155735,False
2020-08-27,348.3299865722656,0.002186550139632537,False
2020-08-28,350.5799865722656,0.006459392204906322,False
2020-08-31,349.3099975585937,-0.0036225371165337084,False
2020-09-01,352.6000061035156,0.009418592562241423,False
2020-09-02,357.70001220703125,0.01446399890877581,False
2020-09-03,345.3900146484375,-0.03441430567094561,True
2020-09-04,342.57000732421875,-0.00816470426074467,False
2020-09-08,333.2099914550781,-0.027322928654060497,True
2020-09-09,339.7900085449219,0.019747358298320528,False
2020-09-10,333.8900146484375,-0.017363647394312287,False
2020-09-11,334.0599975585937,0.0005090985135784987,False
2020-09-14,338.4599914550781,0.013171268420765214,False
2020-09-15,340.1700134277344,0.0050523607393142544,False
2020-09-16,338.82000732421875,-0.003968621719216969,False
2020-09-17,335.8399963378906,-0.008795262741012055,False
2020-09-18,330.6499938964844,-0.015453794955930578,False
2020-09-21,326.9700012207031,-0.011129571279935746,False
2020-09-22,330.29998779296875,0.010184379483847206,False
2020-09-23,322.6400146484375,-0.023190958000678163,True
2020-09-24,323.5,0.002665464023424269,False
2020-09-25,328.7300109863281,0.016166958226671246,False
2020-09-28,334.19000244140625,0.016609348926481804,False
2020-09-29,332.3699951171875,-0.005446025646855923,False
2020-09-30,334.8900146484375,0.007581970599847665,False
2020-10-01,337.0400085449219,0.006420000007290261,False
2020-10-02,333.8399963378906,-0.009494458004693396,False
2020-10-05,339.760009765625,0.017733086187020408,False
2020-10-06,334.92999267578125,-0.014215967009112207,False
2020-10-07,340.760009765625,0.017406673685050666,False
2020-10-08,343.7799987792969,0.008862510057295214,False
2020-10-09,346.8500061035156,0.00893015107080064,False
2020-10-12,352.42999267578125,0.016087606959996226,False
2020-10-13,350.1300048828125,-0.006526084160733192,False
2020-10-14,347.92999267578125,-0.006283415235342593,False
2020-10-15,347.5,-0.0012358597557926565,False
2020-10-16,347.2900085449219,-0.0006042919570593552,False
2020-10-19,342.010009765625,-0.015203428401004304,False
2020-10-20,343.3800048828125,0.004005716435394158,False
2020-10-21,342.7300109863281,-0.0018929287880528056,False
2020-10-22,344.6099853515625,0.005485292518808249,False
2020-10-23,345.7799987792969,0.003395181444149742,False
2020-10-26,339.3900146484375,-0.018479912526513598,True
2020-10-27,338.2200012207031,-0.0034474008581141247,False
2020-10-28,326.6600036621094,-0.03417892944495127,True
2020-10-29,329.9800109863281,0.010163495031527914,False
2020-10-30,326.5400085449219,-0.010424881286366094,False
2020-11-02,330.20001220703125,0.011208438679286337,False
2020-11-03,336.0299987792969,0.017655924762989716,False
2020-11-04,343.5400085449219,0.022349224155303826,True
2020-11-05,350.239990234375,0.019502769758408034,False
2020-11-06,350.1600036621094,-0.00022837646898088426,False
2020-11-09,354.5599975585937,0.012565666696560118,False
2020-11-10,354.0400085449219,-0.0014665755224850807,False
2020-11-11,356.6700134277344,0.007428552760524454,False
2020-11-12,353.2099914550781,-0.009700905157134287,False
2020-11-13,358.1000061035156,0.01384449694724843,False
2020-11-16,362.5700073242188,0.012482549970722623,False
2020-11-17,360.6199951171875,-0.0053783053414221405,False
2020-11-18,356.2799987792969,-0.012034818913688627,False
2020-11-19,357.7799987792969,0.004210171789433614,False
2020-11-20,355.3299865722656,-0.006847817696322922,False
2020-11-23,357.4599914550781,0.00599444168323604,False
2020-11-24,363.2200012207031,0.016113718747035932,False
2020-11-25,362.6600036621094,-0.0015417585945479706,False
2020-11-27,363.6700134277344,0.0027850045646777843,False
2020-11-30,362.05999755859375,-0.004427133966767305,False
2020-12-01,366.0199890136719,0.010937390161245952,False
2020-12-02,366.7900085449219,0.002103763604072606,False
2020-12-03,366.6900024414063,-0.00027265220203875895,False
2020-12-04,369.8500061035156,0.008617643352887061,False
2020-12-07,369.0899963378906,-0.0020549134867724472,False
2020-12-08,370.1700134277344,0.00292616191324524,False
2020-12-09,366.8500061035156,-0.008968871609766116,False
2020-12-10,366.7300109863281,-0.0003270958571379712,False
2020-12-11,366.2999877929688,-0.0011725879542903161,False
2020-12-14,364.6600036621094,-0.004477161303609867,False
2020-12-15,369.5899963378906,0.01351942254777505,False
2020-12-16,370.1700134277344,0.0015693527844120592,False
2020-12-17,372.239990234375,0.00559196242686677,False
2020-12-18,369.1799926757813,-0.008220496558327905,False
2020-12-21,367.8599853515625,-0.003575511540188092,False
2020-12-22,367.239990234375,-0.0016854105960858456,False
2020-12-23,367.5700073242188,0.000898641484096574,False
2020-12-24,369.0,0.003890395427502469,False
2020-12-28,372.1700134277344,0.008590822297383172,False
2020-12-29,371.4599914550781,-0.0019077893087540154,False
2020-12-30,371.989990234375,0.0014267990940848296,False
2020-12-31,373.8800048828125,0.005080821253407031,False
2021-01-04,368.7900085449219,-0.013613983822124975,False
2021-01-05,371.3299865722656,0.006887328746690624,False
2021-01-06,373.5499877929688,0.005978513184986545,False
2021-01-07,379.1000061035156,0.0148574983052141,False
2021-01-08,381.260009765625,0.005697714659280706,False
2021-01-11,378.6900024414063,-0.006740825836411668,False
2021-01-12,378.7699890136719,0.0002112191284424636,False
2021-01-13,379.7900085449219,0.0026929787492038226,False
2021-01-14,378.4599914550781,-0.003501980199372312,False
2021-01-15,375.7000122070313,-0.007292657904037436,False
2021-01-19,378.6499938964844,0.007851960589842832,False
2021-01-20,383.8900146484375,0.013838692292137411,False
2021-01-21,384.239990234375,0.0009116558716901757,False
2021-01-22,382.8800048828125,-0.0035394164744094736,False
2021-01-25,384.3900146484375,0.003943819855746211,False
2021-01-26,383.7900085449219,-0.001560930514972858,False
2021-01-27,374.4100036621094,-0.024440461382450485,True
2021-01-28,377.6300048828125,0.008600200820512827,False
2021-01-29,370.0700073242188,-0.02001958917681801,True
2021-02-01,376.2300109863281,0.01664550906637663,False
2021-02-02,381.5499877929688,0.014140224467191764,False
2021-02-03,381.8500061035156,0.0007863145594164678,False
2021-02-04,386.1900024414063,0.011365709751263386,False
2021-02-05,387.7099914550781,0.0039358580078789895,False
2021-02-08,390.510009765625,0.0072219400383219945,False
2021-02-09,390.25,-0.0006658210010571652,False
2021-02-10,390.0799865722656,-0.00043565260149747154,False
2021-02-11,390.7099914550781,0.0016150658954552366,False
2021-02-12,392.6400146484375,0.004939784585931806,False
2021-02-16,392.2999877929688,-0.0008660015352055517,False
2021-02-17,392.3900146484375,0.00022948472666328712,False
2021-02-18,390.7200012207031,-0.004256003887434856,False
2021-02-19,390.0299987792969,-0.0017659767589335296,False
2021-02-22,387.0299987792969,-0.007691716045917785,False
2021-02-23,387.5,0.0012143793044092632,False
2021-02-24,391.7699890136719,0.011019326486895187,False
2021-02-25,382.3299865722656,-0.024095777385022776,True
2021-02-26,380.3599853515625,-0.005152620223082494,False
2021-03-01,389.5799865722656,0.02424019764376939,True
2021-03-02,386.5400085449219,-0.0078032191902133174,False
2021-03-03,381.4200134277344,-0.013245705500087857,False
2021-03-04,376.7000122070313,-0.012374812685589043,False
2021-03-05,383.6300048828125,0.01839658203136052,False
2021-03-08,381.7200012207031,-0.004978765054346579,False
2021-03-09,387.1700134277344,0.014277512809395931,False
2021-03-10,389.5799865722656,0.006224586256551756,False
2021-03-11,393.5299987792969,0.010139155868312377,False
2021-03-12,394.05999755859375,0.0013467811372471772,False
2021-03-15,396.4100036621094,0.005963574374651337,False
2021-03-16,395.9100036621094,-0.001261320338490246,False
2021-03-17,397.260009765625,0.0034098812634899556,False
2021-03-18,391.4800109863281,-0.014549661776192768,False
2021-03-19,389.4800109863281,-0.005108817676184874,False
2021-03-22,392.5899963378906,0.00798496781307656,False
2021-03-23,389.5,-0.00787079743934982,False
2021-03-24,387.5199890136719,-0.005083468514321288,False
2021-03-25,389.7000122070313,0.005625576112623598,False
2021-03-26,395.9800109863281,0.016114956588609175,False
2021-03-29,395.7799987792969,-0.0005051068273195236,False
2021-03-30,394.7300109863281,-0.002652958199523048,False
2021-03-31,396.3299865722656,0.0040533416294838975,False
2021-04-01,400.6099853515625,0.010799078859294209,False
2021-04-05,406.3599853515625,0.01435311202978129,False
2021-04-06,406.1199951171875,-0.0005905853012750928,False
2021-04-07,406.5899963378906,0.0011572964304984446,False
2021-04-08,408.5199890136719,0.004746778556197873,False
2021-04-09,411.489990234375,0.007270149076117116,False
2021-04-12,411.6400146484375,0.0003645882466716266,False
2021-04-13,412.8599853515625,0.002963683460576405,False
2021-04-14,411.4500122070313,-0.003415136352656112,False
2021-04-15,415.8699951171875,0.01074245419619091,False
2021-04-16,417.260009765625,0.0033424259137662116,False
2021-04-19,415.2099914550781,-0.004913047650308866,False
2021-04-20,412.1700134277344,-0.007321543531961572,False
2021-04-21,416.0700073242188,0.009462100030157128,False
2021-04-22,412.2699890136719,-0.009133122416069228,False
2021-04-23,416.739990234375,0.010842412350696051,False
2021-04-26,417.6099853515625,0.002087620908898691,False
2021-04-27,417.5199890136719,-0.00021550331899955477,False
2021-04-28,417.3999938964844,-0.00028739969425406464,False
2021-04-29,420.05999755859375,0.006372792767143753,False
2021-04-30,417.2999877929688,-0.006570513216364926,False
2021-05-03,418.2000122070313,0.0021567803508037997,False
2021-05-04,415.6199951171875,-0.00616933767224892,False
2021-05-05,415.75,0.00031279746965928723,False
2021-05-06,419.0700073242188,0.007985585867032574,False
2021-05-07,422.1199951171875,0.007277991122397465,False
2021-05-10,417.9400024414063,-0.009902380186043391,False
2021-05-11,414.2099914550781,-0.008924752271951109,False
2021-05-12,405.4100036621094,-0.021245233032779476,True
2021-05-13,410.2799987792969,0.01201251837200945,False
2021-05-14,416.5799865722656,0.015355337359152399,False
2021-05-17,415.5199890136719,-0.002544523483510863,False
2021-05-18,411.9400024414063,-0.008615678347420719,False
2021-05-19,410.8599853515625,-0.0026217825009539064,False
2021-05-20,415.2799987792969,0.010757955472233016,False
2021-05-21,414.9400024414063,-0.0008187158998506083,False
2021-05-24,419.1700134277344,0.010194271368004326,False
2021-05-25,418.239990234375,-0.00221872548981783,False
2021-05-26,419.0700073242188,0.0019845474111135353,False
2021-05-27,419.2900085449219,0.0005249748654354569,False
2021-05-28,420.0400085449219,0.001788738068438045,False
2021-06-01,419.6700134277344,-0.0008808568461590172,False
2021-06-02,420.3299865722656,0.0015726001939970757,False
2021-06-03,418.7699890136719,-0.0037113639483952188,False
2021-06-04,422.6000061035156,0.00914587289042501,False
2021-06-07,422.1900024414063,-0.0009701932233500132,False
2021-06-08,422.2799987792969,0.00021316548797978285,False
2021-06-09,421.6499938964844,-0.0014919126755557066,False
2021-06-10,423.6099853515625,0.004648384877148359,False
2021-06-11,424.30999755859375,0.0016524922245406692,False
2021-06-14,425.260009765625,0.002238957866883773,False
2021-06-15,424.4800109863281,-0.0018341691233246804,False
2021-06-16,422.1099853515625,-0.005583362168830042,False
2021-06-17,421.9700012207031,-0.00033162951770204785,False
2021-06-18,414.9200134277344,-0.01670731988666041,False
2021-06-21,420.8599853515625,0.0143159445955785,False
2021-06-22,423.1099853515625,0.0053461960706966405,False
2021-06-23,422.6000061035156,-0.001205311303686507,False
2021-06-24,425.1000061035156,0.005915759498090534,False
2021-06-25,426.6099853515625,0.0035520565193292164,False
2021-06-28,427.4700012207031,0.0020159300032134286,False
2021-06-29,427.7000122070313,0.0005380751530430494,False
2021-06-30,428.05999755859375,0.0008416772066590639,False
2021-07-01,430.4299926757813,0.005536595642444242,False
2021-07-02,433.7200012207031,0.007643539253548326,False
2021-07-06,432.9299926757813,-0.001821471324122359,False
2021-07-07,434.4599914550781,0.003534055863952723,False
2021-07-08,430.9200134277344,-0.008147995435639044,False
2021-07-09,435.5199890136719,0.010674778247933281,False
2021-07-12,437.0799865722656,0.003581919539736189,False
2021-07-13,435.5899963378906,-0.0034089646750015135,False
2021-07-14,436.239990234375,0.0014922149313552069,False
2021-07-15,434.75,-0.0034155287633637066,False
2021-07-16,431.3399963378906,-0.007843596692603483,False
2021-07-19,424.9700012207031,-0.014767921294730924,False
2021-07-20,431.05999755859375,0.014330414665499891,False
2021-07-21,434.5499877929688,0.008096298088761111,False
2021-07-22,435.4599914550781,0.002094128840576248,False
2021-07-23,439.9400024414063,0.010287996771777719,False
2021-07-26,441.0199890136719,0.002454849675574522,False
2021-07-27,439.010009765625,-0.00455756949371422,False
2021-07-28,438.8299865722656,-0.0004100662612578354,False
2021-07-29,440.6499938964844,0.00414740874577646,False
2021-07-30,438.510009765625,-0.004856426098946209,False
2021-08-02,437.5899963378906,-0.0020980443028566498,False
2021-08-03,441.1499938964844,0.008135463763766726,False
2021-08-04,438.9800109863281,-0.004918923133127029,False
2021-08-05,441.760009765625,0.006332859605726826,False
2021-08-06,442.489990234375,0.0016524367362660275,False
2021-08-09,442.1300048828125,-0.0008135446213638486,False
2021-08-10,442.6799926757813,0.001243950392180615,False
2021-08-11,443.7799987792969,0.002484878742467167,False
2021-08-12,445.1099853515625,0.0029969502364324274,False
2021-08-13,445.9200134277344,0.0018198380239258238,False
2021-08-16,446.9700012207031,0.002354655008411921,False
2021-08-17,444.0400085449219,-0.00655523338877162,False
2021-08-18,439.1799926757813,-0.010944995440988259,False
2021-08-19,439.8599853515625,0.0015483234371360677,False
2021-08-20,443.3599853515625,0.00795707751684338,False
2021-08-23,447.260009765625,0.008796518727259395,False
2021-08-24,447.9700012207031,0.0015874244054374653,False
2021-08-25,448.9100036621094,0.0020983602447592897,False
2021-08-26,446.260009765625,-0.005903174076911433,False
2021-08-27,450.25,0.008940954033659798,False
2021-08-30,452.2300109863281,0.004397581313332788,False
2021-08-31,451.55999755859375,-0.0014815766566952382,False
2021-09-01,451.7999877929688,0.0005314692082394323,False
2021-09-02,453.1900024414063,0.0030766150641741152,False
2021-09-03,453.0799865722656,-0.00024275881759971973,False
2021-09-07,451.4599914550781,-0.003575516829695813,False
2021-09-08,450.9100036621094,-0.0012182425981892564,False
2021-09-09,448.9800109863281,-0.004280217028024724,False
2021-09-10,445.4400024414063,-0.007884557125706015,False
2021-09-13,446.5799865722656,0.0025592316015876637,False
2021-09-14,444.1700134277344,-0.005396509510041114,False
2021-09-15,447.8800048828125,0.008352638275707758,False
2021-09-16,447.1700134277344,-0.0015852269521696716,False
2021-09-17,441.3999938964844,-0.012903413372959749,False
2021-09-20,434.0400085449219,-0.016674185440266553,False
2021-09-21,433.6300048828125,-0.0009446218183523092,False
2021-09-22,437.8599853515625,0.00975481498309394,False
2021-09-23,443.1799926757813,0.012150019417616509,False
2021-09-24,443.9100036621094,0.0016472110618543923,False
2021-09-27,442.6400146484375,-0.002860915508086981,False
2021-09-28,433.7200012207031,-0.02015184604315312,True
2021-09-29,434.4500122070313,0.001683138855191224,False
2021-09-30,429.1400146484375,-0.012222344134872332,False
2021-10-01,434.239990234375,0.0118841762871158,False
2021-10-04,428.6400146484375,-0.01289603839322806,False
2021-10-05,433.1000061035156,0.010404981575824479,False
2021-10-06,434.8999938964844,0.004156055801436631,False
2021-10-07,438.6600036621094,0.008645688246479821,False
2021-10-08,437.8599853515625,-0.001823777649815339,False
2021-10-11,434.6900024414063,-0.0072397182117726055,False
2021-10-12,433.6199951171875,-0.0024615411401439635,False
2021-10-13,435.1799926757813,0.003597614446197772,False
2021-10-14,442.5,0.01682064306130049,False
2021-10-15,445.8699951171875,0.007615808174435079,False
2021-10-18,447.1900024414063,0.0029605206420582064,False
2021-10-19,450.6400146484375,0.007714868821297571,False
2021-10-20,452.4100036621094,0.003927722696912994,False
2021-10-21,453.5899963378906,0.0026082373648450563,False
2021-10-22,453.1199951171875,-0.001036180745822679,False
2021-10-25,455.5499877929688,0.005362801690428354,False
2021-10-26,455.9599914550781,0.0009000190387353779,False
2021-10-27,453.9400024414063,-0.004430189164679854,False
2021-10-28,458.3200073242188,0.00964886297584644,False
2021-10-29,459.25,0.0020291339259019825,False
2021-11-01,460.0400085449219,0.0017202145779464662,False
2021-11-02,461.8999938964844,0.004043094767878008,False
2021-11-03,464.7200012207031,0.006105233516956243,False
2021-11-04,466.9100036621094,0.004712520303954415,False
2021-11-05,468.5299987792969,0.0034696089278050124,False
2021-11-08,468.9299926757813,0.0008537209944434743,False
2021-11-09,467.3800048828125,-0.003305371414023539,False
2021-11-10,463.6199951171875,-0.008044866546158214,False
2021-11-11,463.7699890136719,0.0003235276693500655,False
2021-11-12,467.2699890136719,0.007546844519723317,False
2021-11-15,467.4299926757813,0.00034242229518555156,False
2021-11-16,469.2799987792969,0.003957824984497149,False
2021-11-17,468.1400146484375,-0.002429219514628267,False
2021-11-18,469.7300109863281,0.0033964119454403807,False
2021-11-19,468.8900146484375,-0.0017882535035962377,False
2021-11-22,467.5700073242188,-0.0028151747381705006,False
2021-11-23,468.1900024414063,0.0013259941986774049,False
2021-11-24,469.4400024414063,0.00266985624101701,False
2021-11-26,458.9700012207031,-0.022303172218498757,True
2021-11-29,464.6000061035156,0.012266607551340236,False
2021-11-30,455.55999755859375,-0.019457616070086114,True
2021-12-01,450.5,-0.011107203410551714,False
2021-12-02,457.3999938964844,0.015316301657013032,False
2021-12-03,453.4200134277344,-0.008701312903057756,False
2021-12-06,458.7900085449219,0.01184331295081531,False
2021-12-07,468.2799987792969,0.020684823247291373,True
2021-12-08,469.5199890136719,0.0026479675356780863,False
2021-12-09,466.3500061035156,-0.006751539837133391,False
2021-12-10,470.739990234375,0.009413496458462456,False
2021-12-13,466.5700073242188,-0.008858357047762166,False
2021-12-14,463.3599853515625,-0.006880043556733995,False
2021-12-15,470.6000061035156,0.015625045279773042,False
2021-12-16,466.4500122070313,-0.008818516452742009,False
2021-12-17,459.8699951171875,-0.014106585738330568,False
2021-12-20,454.9800109863281,-0.010633405490204417,False
2021-12-21,463.05999755859375,0.017758992432985066,False
2021-12-22,467.6900024414063,0.009998714868966196,False
2021-12-23,470.6000061035156,0.006222077972414919,False
2021-12-27,477.260009765625,0.014152153794584565,False
2021-12-28,476.8699951171875,-0.0008171953242616103,False
2021-12-29,477.4800109863281,0.0012792079086265673,False
2021-12-30,476.1600036621094,-0.0027645289726202504,False
2021-12-31,474.9599914550781,-0.0025201869073463445,False
2022-01-03,477.7099914550781,0.005789961364061735,False
2022-01-04,477.5499877929688,-0.00033493890638958135,False
2022-01-05,468.3800048828125,-0.01920214248677088,True
2022-01-06,467.9400024414063,-0.0009394133755054046,False
2022-01-07,466.0899963378906,-0.003953511334494952,False
2022-01-10,465.510009765625,-0.001244366059822366,False
2022-01-11,469.75,0.009108268663244656,False
2022-01-12,471.0199890136719,0.002703542338843734,False
2022-01-13,464.5299987792969,-0.013778587715492119,False
2022-01-14,464.7200012207031,0.0004090208208415991,False
2022-01-18,456.489990234375,-0.017709612163689825,False
2022-01-19,451.75,-0.010383557878106742,False
2022-01-20,446.75,-0.011068068622025473,False
2022-01-21,437.9800109863281,-0.01963064132886827,True
2022-01-24,439.8399963378906,0.004246735706896265,False
2022-01-25,434.4700012207031,-0.012208974085799573,False
2022-01-26,433.3800048828125,-0.0025087953939929575,False
2022-01-27,431.239990234375,-0.004937963506221665,False
2022-01-28,441.9500122070313,0.024835410015744408,True
2022-01-31,449.9100036621094,0.018011067394991365,False
2022-02-01,452.9500122070313,0.006756925874457753,False
2022-02-02,457.3500061035156,0.009714082741812957,False
2022-02-03,446.6000061035156,-0.02350497399483331,True
2022-02-04,448.7000122070313,0.004702207959730531,False
2022-02-07,447.260009765625,-0.0032092765817485214,False
2022-02-08,450.9400024414063,0.008227859847585561,False
2022-02-09,457.5400085449219,0.014636106949445393,False
2022-02-10,449.3200073242188,-0.017965644680657533,False
2022-02-11,440.4599914550781,-0.019718721011120044,True
2022-02-14,439.0199890136719,-0.003269314964678527,False
2022-02-15,446.1000061035156,0.01612686726577106,False
2022-02-16,446.6000061035156,0.0011208249118113134,False
2022-02-17,437.05999755859375,-0.02136141606480546,True
2022-02-18,434.2300109863281,-0.006475052825868022,False
2022-02-22,429.5700073242188,-0.010731648076383271,False
2022-02-23,421.9500122070313,-0.01773865723226875,False
2022-02-24,428.2999877929688,0.01504911814725074,False
2022-02-25,437.75,0.02206400298007738,True
2022-02-28,436.6300048828125,-0.0025585268239577408,False
2022-03-01,429.9800109863281,-0.015230272363598085,False
2022-03-02,437.8900146484375,0.018396212521518462,False
2022-03-03,435.7099914550781,-0.004978472037343917,False
2022-03-04,432.1700134277344,-0.008124619808514866,False
2022-03-07,419.4299926757813,-0.02947918725527998,True
2022-03-08,416.25,-0.007581700715998729,False
2022-03-09,427.4100036621094,0.026810819608671155,True
2022-03-10,425.4800109863281,-0.004515553354495161,False
2022-03-11,420.0700073242188,-0.012715059514942006,False
2022-03-14,417.0,-0.007308323066848477,False
2022-03-15,426.1700134277344,0.02199043987466287,True
2022-03-16,435.6199951171875,0.02217420604853415,True
2022-03-17,441.0700073242188,0.01251093216133281,False
2022-03-18,444.5199890136719,0.00782184603841607,False
2022-03-21,444.3900146484375,-0.0002923926222593298,False
2022-03-22,449.5899963378906,0.011701391836103525,False
2022-03-23,443.7999877929688,-0.01287841943122403,False
2022-03-24,450.489990234375,0.015074363734608909,False
2022-03-25,452.6900024414063,0.004883598425542646,False
2022-03-28,455.9100036621094,0.007113038068738531,False
2022-03-29,461.5499877929688,0.012370827763278136,False
2022-03-30,458.7000122070313,-0.006174792896356585,False
2022-03-31,451.6400146484375,-0.015391317572948537,False
2022-04-01,452.9200134277344,0.0028341128726010467,False
2022-04-04,456.7999877929688,0.008566577431344813,False
2022-04-05,451.0299987792969,-0.01263132479829887,False
2022-04-06,446.5199890136719,-0.00999935653466788,False
2022-04-07,448.7699890136719,0.005038968143330047,False
2022-04-08,447.5700073242188,-0.002673934796955657,False
2022-04-11,439.9200134277344,-0.017092284494708787,False
2022-04-12,438.2900085449219,-0.003705230116974989,False
2022-04-13,443.30999755859375,0.01145357848867623,False
2022-04-14,437.7900085449219,-0.01245175846263713,False
2022-04-18,437.9700012207031,0.0004111392957082405,False
2022-04-19,445.0400085449219,0.01614267485104759,False
2022-04-20,444.7099914550781,-0.0007415447679024467,False
2022-04-21,438.05999755859375,-0.014953551807383003,False
2022-04-22,426.0400085449219,-0.027439138658316153,True
2022-04-25,428.510009765625,0.005797580441186945,False
2022-04-26,416.1000061035156,-0.028960825603343676,True
2022-04-27,417.2699890136719,0.002811782968023202,False
2022-04-28,427.80999755859375,0.02525944549675363,True
2022-04-29,412.0,-0.03695565238965315,True
2022-05-02,414.4800109863281,0.0060194441415730715,False
2022-05-03,416.3800048828125,0.00458404228460374,False
2022-05-04,429.05999755859375,0.030452933683378758,True
2022-05-05,413.80999755859375,-0.03554281472701826,True
2022-05-06,411.3399963378906,-0.0059689259207744705,False
2022-05-09,398.1700134277344,-0.03201726802014637,True
2022-05-10,399.0899963378906,0.0023105278627999493,False
2022-05-11,392.75,-0.015886131940332726,False
2022-05-12,392.3399963378906,-0.0010439303936584654,False
2022-05-13,401.7200012207031,0.02390784770955201,True
2022-05-16,400.0899963378906,-0.004057564666582247,False
2022-05-17,408.3200073242188,0.020570399314302268,True
2022-05-18,391.8599853515625,-0.04031157346543279,True
2022-05-19,389.4599914550781,-0.006124621002910446,False
2022-05-20,389.6300048828125,0.0004365363104414932,False
2022-05-23,396.9200134277344,0.01871007995678986,False
2022-05-24,393.8900146484375,-0.007633776773134482,False
2022-05-25,397.3699951171875,0.008834904007038569,False
2022-05-26,405.30999755859375,0.01998138394687965,False
2022-05-27,415.260009765625,0.02454914082298898,True
2022-05-31,412.9299926757813,-0.005610983564631633,False
2022-06-01,409.5899963378906,-0.00808852928373538,False
2022-06-02,417.3900146484375,0.019043478552421167,False
2022-06-03,410.5400085449219,-0.016411523666384986,False
2022-06-06,411.7900085449219,0.003044770239154948,False
2022-06-07,415.739990234375,0.009592223238758413,False
2022-06-08,411.2200012207031,-0.010872153557139663,False
2022-06-09,401.4400024414063,-0.023782886898168765,True
2022-06-10,389.7999877929688,-0.028995652096570623,True
2022-06-13,375.0,-0.037968158687653464,True
2022-06-14,373.8699951171875,-0.003013346354166613,False
2022-06-15,379.2000122070313,0.014256338190961726,False
2022-06-16,366.6499938964844,-0.03309603878307632,True
2022-06-17,365.8599853515625,-0.0021546667341413306,False
2022-06-21,375.0700073242188,0.025173624723693777,True
2022-06-22,374.3900146484375,-0.0018129753446094465,False
2022-06-23,378.05999755859375,0.0098025662185528,False
2022-06-24,390.0799865722656,0.03179386629448655,True
2022-06-27,388.5899963378906,-0.0038197043828572808,False
2022-06-28,380.6499938964844,-0.02043285343481205,True
2022-06-29,380.3399963378906,-0.000814390026440015,False
2022-06-30,377.25,-0.008124300277758567,False
2022-07-01,381.239990234375,0.010576514869118592,False
2022-07-05,381.9599914550781,0.00188857737683934,False
2022-07-06,383.25,0.0033773394433473936,False
2022-07-07,388.989990234375,0.014977143468688947,False
2022-07-08,388.6700134277344,-0.0008225836516971841,False
2022-07-11,384.2300109863281,-0.0114235785834087,False
2022-07-12,380.8299865722656,-0.008848929851508869,False
2022-07-13,378.8299865722656,-0.005251687289652196,False
2022-07-14,377.9100036621094,-0.0024284849213771498,False
2022-07-15,385.1300048828125,0.019105080973613298,False
2022-07-18,381.9500122070313,-0.008256933075751371,False
2022-07-19,392.2699890136719,0.027019181769385003,True
2022-07-20,394.7699890136719,0.006373161521445958,False
2022-07-21,398.7900085449219,0.010183194374258298,False
2022-07-22,395.0899963378906,-0.009278096561475047,False
2022-07-25,395.5700073242188,0.001214940876199,False
2022-07-26,390.8900146484375,-0.011831009907547041,False
2022-07-27,401.0400085449219,0.025966367817333857,True
2022-07-28,406.0700073242188,0.0125423864754719,False
2022-07-29,411.989990234375,0.014578724858715031,False
2022-08-01,410.7699890136719,-0.002961239956361772,False
2022-08-02,408.05999755859375,-0.006597345296781021,False
2022-08-03,414.4500122070313,0.01565949783529086,False
2022-08-04,414.1700134277344,-0.0006755911956809468,False
2022-08-05,413.4700012207031,-0.00169015666112049,False
2022-08-08,412.989990234375,-0.0011609330420851993,False
2022-08-09,411.3500061035156,-0.003971002129927292,False
2022-08-10,419.989990234375,0.021003972292843898,True
2022-08-11,419.989990234375,0.0,False
2022-08-12,427.1000061035156,0.016929012677594724,False
2022-08-15,428.8599853515625,0.004120766150540245,False
2022-08-16,429.7000122070313,0.0019587438421893033,False
2022-08-17,426.6499938964844,-0.0070980177423811686,False
2022-08-18,427.8900146484375,0.002906412210693654,False
2022-08-19,422.1400146484375,-0.013438032679318979,False
2022-08-22,413.3500061035156,-0.020822495475209313,True
2022-08-23,412.3500061035156,-0.0024192572522898637,False
2022-08-24,413.6700134277344,0.003201181774415529,False
2022-08-25,419.510009765625,0.014117523988503633,False
2022-08-26,405.30999755859375,-0.033849042636585946,True
2022-08-29,402.6300048828125,-0.006612204712255654,False
2022-08-30,398.2099914550781,-0.010977854044983193,False
2022-08-31,395.1799926757813,-0.007609047598793439,False
2022-09-01,396.4200134277344,0.0031378631887633013,False
2022-09-02,392.239990234375,-0.010544430280438832,False
2022-09-06,390.760009765625,-0.003773150381391921,False
2022-09-07,397.7799987792969,0.017964962734754897,False
2022-09-08,400.3800048828125,0.006536291697658347,False
2022-09-09,406.6000061035156,0.01553524437995768,False
2022-09-12,410.9700012207031,0.010747651381183054,False
2022-09-13,393.1000061035156,-0.043482480629019826,True
2022-09-14,394.6000061035156,0.003815822886568565,False
2022-09-15,390.1199951171875,-0.011353296799374357,False
2022-09-16,385.55999755859375,-0.011688705054002657,False
2022-09-19,388.5499877929688,0.007754928554071894,False
2022-09-20,384.0899963378906,-0.011478552554876398,False
2022-09-21,377.3900146484375,-0.017443780763191308,False
2022-09-22,374.2200012207031,-0.008399833871300055,False
2022-09-23,367.9500122070313,-0.016754820675589643,False
2022-09-26,364.30999755859375,-0.009892687940419087,False
2022-09-27,363.3800048828125,-0.0025527509044867003,False
2022-09-28,370.5299987792969,0.019676354781243965,False
2022-09-29,362.7900085449219,-0.020888970555351105,True
2022-09-30,357.17999267578125,-0.015463534653672784,False
2022-10-03,366.6099853515625,0.02640123430525132,True
2022-10-04,377.9700012207031,0.030986651545366062,True
2022-10-05,377.0899963378906,-0.0023282400189708063,False
2022-10-06,373.2000122070313,-0.010315797736977661,False
2022-10-07,362.7900085449219,-0.027893899575583414,True
2022-10-10,360.0199890136719,-0.00763532474987394,False
2022-10-11,357.739990234375,-0.006332978303630554,False
2022-10-12,356.5599975585937,-0.0032984645496529907,False
2022-10-13,365.9700012207031,0.026391080677980572,True
2022-10-14,357.6300048828125,-0.022788743093893893,True
2022-10-17,366.8200073242188,0.02569695583685072,True
2022-10-18,371.1300048828125,0.011749625081884485,False
2022-10-19,368.5,-0.007086478722309053,False
2022-10-20,365.4100036621094,-0.008385336059404724,False
2022-10-21,374.2900085449219,0.02430148270112431,True
2022-10-24,378.8699951171875,0.012236464954195947,False
2022-10-25,384.9200134277344,0.015968586556123432,False
2022-10-26,382.0199890136719,-0.007534096209333541,False
2022-10-27,379.9800109863281,-0.00533997718970336,False
2022-10-28,389.0199890136719,0.023790667313994707,True
2022-10-31,386.2099914550781,-0.007223272936998093,False
2022-11-01,384.5199890136719,-0.004375864112264538,False
2022-11-02,374.8699951171875,-0.025096208707478307,True
2022-11-03,371.010009765625,-0.010296863984421645,False
2022-11-04,376.3500061035156,0.014393132792465568,False
2022-11-07,379.9500122070313,0.009565580032236065,False
2022-11-08,382.0,0.00539541446797398,False
2022-11-09,374.1300048828125,-0.02060208145860598,True
2022-11-10,394.6900024414063,0.054954153075837286,True
2022-11-11,398.510009765625,0.009678500343534235,False
2022-11-14,395.1199951171875,-0.00850672396016161,False
2022-11-15,398.489990234375,0.008529042212070292,False
2022-11-16,395.4500122070313,-0.007628743762310597,False
2022-11-17,394.239990234375,-0.0030598607543418366,False
2022-11-18,396.0299987792969,0.004540403280391958,False
2022-11-21,394.5899963378906,-0.0036360943510462818,False
2022-11-22,399.8999938964844,0.01345699994392846,False
2022-11-23,402.4200134277344,0.006301624330362854,False
2022-11-25,402.3299865722656,-0.0002237136634978265,False
2022-11-28,395.9100036621094,-0.015957008238070003,False
2022-11-29,395.2300109863281,-0.0017175435565947028,False
2022-11-30,407.6799926757813,0.03150059798946758,True
2022-12-01,407.3800048828125,-0.0007358413421267862,False
2022-12-02,406.9100036621094,-0.0011537169597666264,False
2022-12-05,399.5899963378906,-0.017989253786685366,False
2022-12-06,393.8299865722656,-0.014414799715742554,False
2022-12-07,393.1600036621094,-0.0017011983165312605,False
2022-12-08,396.239990234375,0.007833926502128774,False
2022-12-09,393.2799987792969,-0.007470198687737906,False
2022-12-12,398.9500122070313,0.014417243300787197,False
2022-12-13,401.9700012207031,0.007569843141412402,False
2022-12-14,399.3999938964844,-0.006393530155021865,False
2022-12-15,389.6300048828125,-0.024461665405543398,True
2022-12-16,383.2699890136719,-0.01632321892420352,False
2022-12-19,380.0199890136719,-0.008479662100243535,False
2022-12-20,380.5400085449219,0.001368400469142994,False
2022-12-21,386.2300109863281,0.014952442091866303,False
2022-12-22,380.7200012207031,-0.014266135745262032,False
2022-12-23,382.9100036621094,0.005752265272075174,False
2022-12-27,381.3999938964844,-0.0039435108803203,False
2022-12-28,376.6600036621094,-0.01242787181496774,False
2022-12-29,383.4400024414063,0.018000315173837933,False
2022-12-30,382.4299926757813,-0.002634075107433076,False
2023-01-03,380.8200073242188,-0.004209882546862387,False
2023-01-04,383.760009765625,0.007720189025948843,False
2023-01-05,379.3800048828125,-0.011413395797773451,False
2023-01-06,388.0799865722656,0.022932103899730993,True
2023-01-09,387.8599853515625,-0.0005668965891446609,False
2023-01-10,390.5799865722656,0.007012843096556365,False
2023-01-11,395.5199890136719,0.01264786371867066,False
2023-01-12,396.9599914550781,0.003640782972808232,False
2023-01-13,398.5,0.0038795056884117773,False
2023-01-17,397.7699890136719,-0.0018318970798698597,False
2023-01-18,391.489990234375,-0.015788015568668268,False
2023-01-19,388.6400146484375,-0.007279817254666643,False
2023-01-20,395.8800048828125,0.018629039629190602,False
2023-01-23,400.6300048828125,0.011998585281936869,False
2023-01-24,400.2000122070313,-0.0010732912426441032,False
2023-01-25,400.3500061035156,0.000374797331107235,False
2023-01-26,404.75,0.010990368001509987,False
2023-01-27,405.6799926757813,0.0022976965430050456,False
2023-01-30,400.5899963378906,-0.012546826143232104,False
2023-01-31,406.4800109863281,0.014703349315466685,False
2023-02-01,410.7999877929688,0.010627771821197785,False
2023-02-02,416.7799987792969,0.014556989201620407,False
2023-02-03,412.3500061035156,-0.010629091340170427,False
2023-02-06,409.8299865722656,-0.006111360480051453,False
2023-02-07,415.1900024414063,0.013078632712971494,False
2023-02-08,410.6499938964844,-0.010934773280246946,False
2023-02-09,407.0899963378906,-0.00866917718618343,False
2023-02-10,408.0400085449219,0.0023336663037101246,False
2023-02-13,412.8299865722656,0.011738991096546858,False
2023-02-14,412.6400146484375,-0.00046016987623753725,False
2023-02-15,413.9800109863281,0.0032473737163669636,False
2023-02-16,408.2799987792969,-0.013768810222142602,False
2023-02-17,407.260009765625,-0.002498258589011204,False
2023-02-21,399.0899963378906,-0.0200609272499801,True
2023-02-22,398.5400085449219,-0.0013781046831931043,False
2023-02-23,400.6600036621094,0.005319403502116682,False
2023-02-24,396.3800048828125,-0.01068237093839386,False
2023-02-27,397.7300109863281,0.0034058380515806785,False
2023-02-28,396.260009765625,-0.0036959776232566854,False
2023-03-01,394.739990234375,-0.003835914535380569,False
2023-03-02,397.80999755859375,0.007777289862108905,False
2023-03-03,404.1900024414063,0.016037819365946948,False
2023-03-06,404.4700012207031,0.0006927404874081944,False
2023-03-07,398.2699890136719,-0.015328731891906533,False
2023-03-08,398.9200134277344,0.0016321199989792756,False
2023-03-09,391.55999755859375,-0.01844985365837981,True
2023-03-10,385.9100036621094,-0.01442944614289643,False
2023-03-13,385.3599853515625,-0.001425250201672501,False
2023-03-14,391.7300109863281,0.016530065073970368,False
2023-03-15,389.2799987792969,-0.006254338800497861,False
2023-03-16,396.1099853515625,0.01754517723408111,False
2023-03-17,389.989990234375,-0.015450241961852518,False
2023-03-20,393.739990234375,0.009615631410812231,False
2023-03-21,398.9100036621094,0.013130526631691453,False
2023-03-22,392.1099853515625,-0.017046497325513887,False
2023-03-23,393.1700134277344,0.0027033947508923184,False
2023-03-24,395.75,0.006562012575101583,False
2023-03-27,396.489990234375,0.0018698426642451693,False
2023-03-28,395.6000061035156,-0.002244657249312332,False
2023-03-29,401.3500061035156,0.014534883496678752,False
2023-03-30,403.7000122070313,0.005855253688247242,False
2023-03-31,409.3900146484375,0.014094630342711412,False
2023-04-03,410.9500122070313,0.003810541299922532,False
2023-04-04,408.6700134277344,-0.0055481170740258046,False
2023-04-05,407.6000061035156,-0.0026182672793729767,False
2023-04-06,409.1900024414063,0.003900874175862601,False
2023-04-10,409.6099853515625,0.0010263762742257487,False
2023-04-11,409.7200012207031,0.0002685868828276039,False
2023-04-12,408.0499877929688,-0.00407598707106982,False
2023-04-13,413.4700012207031,0.013282719249790187,False
2023-04-14,412.4599914550781,-0.0024427643181926806,False
2023-04-17,413.9400024414063,0.003588253447581735,False
2023-04-18,414.2099914550781,0.0006522418999841406,False
2023-04-19,414.1400146484375,-0.0001689404120717164,False
2023-04-20,411.8800048828125,-0.005457115192173623,False
2023-04-21,412.2000122070313,0.0007769430912525355,False
2023-04-24,412.6300048828125,0.0010431651214148907,False
2023-04-25,406.0799865722656,-0.015873829418699414,False
2023-04-26,404.3599853515625,-0.004235621743444495,False
2023-04-27,412.4100036621094,0.01990804877378749,False
2023-04-28,415.9299926757813,0.008535168842693563,False
2023-05-01,415.510009765625,-0.0010097442299230597,False
2023-05-02,410.8399963378906,-0.011239232071373118,False
2023-05-03,408.0199890136719,-0.006864003868551016,False
2023-05-04,405.1300048828125,-0.007082947425800068,False
2023-05-05,412.6300048828125,0.018512575986983304,False
2023-05-08,412.739990234375,0.0002665471494098792,False
2023-05-09,410.9299926757813,-0.004385321513347584,False
2023-05-10,412.8500061035156,0.0046723613801760155,False
2023-05-11,412.1300048828125,-0.001743977740241598,False
2023-05-12,411.5899963378906,-0.001310286896183177,False
2023-05-15,413.010009765625,0.0034500678839837207,False
2023-05-16,410.25,-0.006682670396272572,False
2023-05-17,415.2300109863281,0.01213896645052559,False
2023-05-18,419.2300109863281,0.009633215071565893,False
2023-05-19,418.6199951171875,-0.0014550863563069782,False
2023-05-22,418.7900085449219,0.0004061283018428341,False
2023-05-23,414.0899963378906,-0.011222837486886017,False
2023-05-24,411.0899963378906,-0.007244801918740551,False
2023-05-25,414.6499938964844,0.008659898295524604,False
2023-05-26,420.0199890136719,0.012950669712364915,False
2023-05-30,420.1799926757813,0.0003809429700838418,False
2023-05-31,417.8500061035156,-0.005545210654671839,False
2023-06-01,421.8200073242188,0.00950101989401353,False
2023-06-02,427.9200134277344,0.014461158782416383,False
2023-06-05,427.1000061035156,-0.0019162630830240612,False
2023-06-06,428.0299987792969,0.0021774588210983215,False
2023-06-07,426.5499877929688,-0.003457727240027353,False
2023-06-08,429.1300048828125,0.006048569132994341,False
2023-06-09,429.8999938964844,0.0017943024372815142,False
2023-06-12,433.7999877929688,0.00907186311201369,False
2023-06-13,436.6600036621094,0.006592936721117493,False
2023-06-14,437.1799926757813,0.0011908327057916779,False
2023-06-15,442.6000061035156,0.012397670338390565,False
2023-06-16,439.4599914550781,-0.007094474932526573,False
2023-06-20,437.1799926757813,-0.0051881828235321725,False
2023-06-21,434.9400024414063,-0.005123725403500368,False
2023-06-22,436.510009765625,0.0036097101103735874,False
2023-06-23,433.2099914550781,-0.007560006040454259,False
2023-06-26,431.4400024414063,-0.0040857529802734716,False
2023-06-27,436.1700134277344,0.010963311143060928,False
2023-06-28,436.3900146484375,0.0005043932731050305,False
2023-06-29,438.1099853515625,0.003941361271775801,False
2023-06-30,443.2799987792969,0.011800720368392525,False
2023-07-03,443.7900085449219,0.0011505363811348257,False
2023-07-05,443.1300048828125,-0.00148719811037068,False
2023-07-06,439.6600036621094,-0.007830661842952336,False
2023-07-07,438.5499877929688,-0.002524714233486769,False
2023-07-10,439.6600036621094,0.0025311045491684947,False
2023-07-11,442.4599914550781,0.006368529703967729,False
2023-07-12,446.0199890136719,0.008045919692956538,False
2023-07-13,449.55999755859375,0.007936883171425269,False
2023-07-14,449.2799987792969,-0.0006228285007950918,False
2023-07-17,450.8399963378906,0.003472216797614669,False
2023-07-18,454.1900024414063,0.007430587638025177,False
2023-07-19,455.2000122070313,0.002223760453105239,False
2023-07-20,452.1799926757813,-0.006634489126235876,False
2023-07-21,452.1799926757813,0.0,False
2023-07-24,454.2000122070313,0.004467290822171233,False
2023-07-25,455.4400024414063,0.00273005328280318,False
2023-07-26,455.510009765625,0.00015371360408278356,False
2023-07-27,452.489990234375,-0.006629974021435614,False
2023-07-28,456.9200134277344,0.009790323076682261,False
2023-07-31,457.7900085449219,0.0019040424836307412,False
2023-08-01,456.4800109863281,-0.002861568697747563,False
2023-08-02,450.1300048828125,-0.013910808689727716,False
2023-08-03,448.8399963378906,-0.0028658577098359395,False
2023-08-04,446.80999755859375,-0.004522767123829707,False
2023-08-07,450.7099914550781,0.008728528720920004,False
2023-08-08,448.75,-0.004348675405997704,False
2023-08-09,445.75,-0.006685236768802283,False
2023-08-10,445.9100036621094,0.0003589538129207259,False
2023-08-11,445.6499938964844,-0.0005830991982453959,False
2023-08-14,448.1099853515625,0.005520007828496709,False
2023-08-15,442.8900146484375,-0.011648860489082202,False
2023-08-16,439.6400146484375,-0.007338164990194795,False
2023-08-17,436.2900085449219,-0.007619884432481627,False
2023-08-18,436.5,0.00048131162979969666,False
2023-08-21,439.3399963378906,0.0065062917248353,False
2023-08-22,438.1499938964844,-0.002708613946659777,False
2023-08-23,443.0299987792969,0.011137749516813678,False
2023-08-24,436.8900146484375,-0.013859070825400499,False
2023-08-25,439.9700012207031,0.007049798505337934,False
2023-08-28,442.760009765625,0.006341360859106304,False
2023-08-29,449.1600036621094,0.014454769525983568,False
2023-08-30,451.010009765625,0.004118813092065299,False
2023-08-31,450.3500061035156,-0.0014633902747576144,False
2023-09-01,451.1900024414063,0.0018652077861804894,False
2023-09-05,449.239990234375,-0.0043219313293284545,False
2023-09-06,446.2200012207031,-0.006722440297659893,False
2023-09-07,444.8500061035156,-0.003070223462506516,False
2023-09-08,445.5199890136719,0.0015060872225780564,False
2023-09-11,448.4500122070313,0.006576636886363119,False
2023-09-12,445.989990234375,-0.005485610225651194,False
2023-09-13,446.510009765625,0.001165989243338661,False
2023-09-14,450.3599853515625,0.008622372403159329,False
2023-09-15,443.3699951171875,-0.015520895420845227,False
2023-09-18,443.6300048828125,0.0005864396970667318,False
2023-09-19,442.7099914550781,-0.0020738304839804655,False
2023-09-20,438.6400146484375,-0.009193324942280201,False
2023-09-21,431.3900146484375,-0.016528359834683037,False
2023-09-22,430.4200134277344,-0.0022485481530990503,False
2023-09-25,432.2300109863281,0.004205189122549191,False
2023-09-26,425.8800048828125,-0.014691266090073651,False
2023-09-27,426.0499877929688,0.00039913334321273197,False
2023-09-28,428.5199890136719,0.005797444646104211,False
2023-09-29,427.4800109863281,-0.0024269066881511536,False
2023-10-02,427.30999755859375,-0.00039771082475204,False
2023-10-03,421.5899963378906,-0.013386069255070021,False
2023-10-04,424.6600036621094,0.007281973839242228,False
2023-10-05,424.5,-0.0003767806262175988,False
2023-10-06,429.5400085449219,0.011872811648814707,False
2023-10-09,432.2900085449219,0.00640219757250482,False
2023-10-10,434.5400085449219,0.00520483924107662,False
2023-10-11,436.3200073242188,0.004096282837700915,False
2023-10-12,433.6600036621094,-0.006096451268467362,False
2023-10-13,431.5,-0.004980868984616693,False
2023-10-16,436.0400085449219,0.010521456651035654,False
2023-10-17,436.0199890136719,-4.591214305493807e-05,False
2023-10-18,430.2099914550781,-0.013325071567788949,False
2023-10-19,426.4299926757813,-0.00878640397567687,False
2023-10-20,421.1900024414063,-0.01228804334679856,False
2023-10-23,420.4599914550781,-0.0017332106225140809,False
2023-10-24,423.6300048828125,0.0075393937405647815,False
2023-10-25,417.5499877929688,-0.014352187096675517,False
2023-10-26,412.5499877929688,-0.011974614168780984,False
2023-10-27,410.6799926757813,-0.004532772203415858,False
2023-10-30,415.5899963378906,0.011955789786880722,False
2023-10-31,418.2000122070313,0.006280266349382169,False
2023-11-01,422.6600036621094,0.010664732962442303,False
2023-11-02,430.760009765625,0.019164354406221662,False
2023-11-03,434.6900024414063,0.009123392577504053,False
2023-11-06,435.6900024414063,0.002300489991450494,False
2023-11-07,436.9299926757813,0.0028460378421049093,False
2023-11-08,437.25,0.0007323995367287672,False
2023-11-09,433.8399963378906,-0.007798750513686392,False
2023-11-10,440.6099853515625,0.01560480608246917,False
2023-11-13,440.1900024414063,-0.0009531851844463146,False
2023-11-14,448.7300109863281,0.019400732632628426,False
2023-11-15,449.6799926757813,0.0021170451411642865,False
2023-11-16,450.2300109863281,0.001223132715498343,False
2023-11-17,450.7900085449219,0.0012438032670611943,False
2023-11-20,454.260009765625,0.00769760011297449,False
2023-11-21,453.2699890136719,-0.0021794142796411897,False
2023-11-22,455.0199890136719,0.0038608335923762116,False
2023-11-24,455.2999877929688,0.0006153548988119262,False
2023-11-27,454.4800109863281,-0.0018009594303207699,False
2023-11-28,454.9299926757813,0.000990102267592885,False
2023-11-29,454.6099853515625,-0.0007034210304240895,False
2023-11-30,456.3999938964844,0.003937459806426347,False
2023-12-01,459.1000061035156,0.005915890103284305,False
2023-12-04,456.6900024414063,-0.005249408908885811,False
2023-12-05,456.6000061035156,-0.00019706220282811326,False
2023-12-06,454.760009765625,-0.004029777295871284,False
2023-12-07,458.2300109863281,0.007630400972353568,False
2023-12-08,460.2000122070313,0.004299153642213005,False
2023-12-11,461.989990234375,0.003889565362589442,False
2023-12-12,464.1000061035156,0.004567232870283933,False
2023-12-13,470.5,0.013790118104538118,False
2023-12-14,472.010009765625,0.003209372509298536,False
2023-12-15,469.3299865722656,-0.00567789482831127,False
2023-12-18,471.9700012207031,0.0056250713228847005,False
2023-12-19,474.8399963378906,0.0060808846108111325,False
2023-12-20,468.260009765625,-0.013857271129248727,False
2023-12-21,472.7000122070313,0.009481916774461752,False
2023-12-22,473.6499938964844,0.0020096925426711376,False
2023-12-26,475.6499938964844,0.004222527236930729,False
2023-12-27,476.510009765625,0.0018080855254416495,False
2023-12-28,476.6900024414063,0.00037773115379002853,False
2023-12-29,475.30999755859375,-0.002894973411954882,False
2024-01-02,472.6499938964844,-0.005596355380219964,False
2024-01-03,468.7900085449219,-0.008166688673242328,False
2024-01-04,467.2799987792969,-0.0032210792425203527,False
2024-01-05,467.9200134277344,0.00136965984015891,False
2024-01-08,474.6000061035156,0.014275928543528549,False
2024-01-09,473.8800048828125,-0.0015170695563498926,False
2024-01-10,476.55999755859375,0.0056554246817059894,False
2024-01-11,476.3500061035156,-0.00044064012118916196,False
2024-01-12,476.6799926757813,0.00069273972507089,False
2024-01-16,474.9299926757813,-0.0036712260361014826,False
2024-01-17,472.2900085449219,-0.0055586805878180545,False
2024-01-18,476.489990234375,0.00889280233217904,False
2024-01-19,482.4299926757813,0.01246616416534696,False
2024-01-22,483.4500122070313,0.002114336891851476,False
2024-01-23,484.8599853515625,0.0029164817642561847,False
2024-01-24,485.3900146484375,0.0010931594952936496,False
2024-01-25,488.0299987792969,0.0054388925424671,False
2024-01-26,487.4100036621094,-0.0012704037021049608,False
2024-01-29,491.2699890136719,0.007919380649885843,False
2024-01-30,490.8900146484375,-0.0007734532410523798,False
2024-01-31,482.8800048828125,-0.016317320635176435,False
2024-02-01,489.2000122070313,0.013088152875065928,False
2024-02-02,494.3500061035156,0.010527378920638375,False
2024-02-05,492.5499877929688,-0.00364118193248264,False
2024-02-06,493.9800109863281,0.0029033057127196837,False
2024-02-07,498.1000061035156,0.008340408570300495,False
2024-02-08,498.3200073242188,0.000441680823142665,False
2024-02-09,501.2000122070313,0.0057794285609300555,False
2024-02-12,500.9800109863281,-0.0004389489532021784,False
2024-02-13,494.0799865722656,-0.01377305334094614,False
2024-02-14,498.5700073242188,0.009087639398436709,False
2024-02-15,502.010009765625,0.00689973803251509,False
2024-02-16,499.510009765625,-0.004979980381600746,False
2024-02-20,496.760009765625,-0.0055053951797489065,False
2024-02-21,497.2099914550781,0.0009058331600915182,False
2024-02-22,507.5,0.020695498324175388,True
2024-02-23,507.8500061035156,0.0006896671990455072,False
2024-02-26,505.989990234375,-0.003662529972996542,False
2024-02-27,506.9299926757813,0.0018577490850577583,False
2024-02-28,506.260009765625,-0.0013216478011487398,False
2024-02-29,508.0799865722656,0.003594944833748892,False
2024-03-01,512.8499755859375,0.00938826393429193,False
2024-03-04,512.2999877929688,-0.0010724145835053767,False
2024-03-05,507.1799926757813,-0.00999413476319766,False
2024-03-06,509.75,0.005067249026642129,False
2024-03-07,514.8099975585938,0.00992642973731006,False
2024-03-08,511.7200012207031,-0.00600220732414769,False
2024-03-11,511.2799987792969,-0.0008598499967885642,False
2024-03-12,516.780029296875,0.010757374688447952,False
2024-03-13,515.969970703125,-0.0015675114126452172,False
2024-03-14,514.9500122070312,-0.001976778793354672,False
2024-03-15,509.8299865722656,-0.009942762430127261,False
2024-03-18,512.8599853515625,0.005943155285291102,False
2024-03-19,515.7100219726562,0.005557143669806974,False
2024-03-20,520.47998046875,0.009249303470675319,False
2024-03-21,522.2000122070312,0.003304702971922424,False
2024-03-22,521.2100219726562,-0.001895806609024997,False
2024-03-25,519.77001953125,-0.0027628065092766274,False
2024-03-26,518.8099975585938,-0.0018470129799368351,False
2024-03-27,523.1699829101562,0.008403819070718743,False
2024-03-28,523.0700073242188,-0.00019109579907738983,False
2024-04-01,522.1599731445312,-0.0017397942282005863,False
2024-04-02,518.8400268554688,-0.006358101845817976,False
2024-04-03,519.4099731445312,0.0010985010013910834,False
2024-04-04,513.0700073242188,-0.012206091812080655,False
2024-04-05,518.4299926757812,0.010446888874904303,False
2024-04-08,518.719970703125,0.0005593388334788063,False
2024-04-09,519.3200073242188,0.0011567640634317922,False
2024-04-10,514.1199951171875,-0.010013117410638928,False
2024-04-11,518.0,0.007546885784763369,False
2024-04-12,510.8500061035156,-0.013803077020240084,False
2024-04-15,504.4500122070313,-0.012528127278102597,False
2024-04-16,503.5299987792969,-0.0018237950351299714,False
2024-04-17,500.5499877929688,-0.005918239218224319,False
2024-04-18,499.5199890136719,-0.002057734101320041,False
2024-04-19,495.1600036621094,-0.00872835011101658,False
2024-04-22,499.7200012207031,0.00920913952029423,False
2024-04-23,505.6499938964844,0.011866630635747333,False
2024-04-24,505.4100036621094,-0.00047461729906428385,False
2024-04-25,503.489990234375,-0.003798922486342393,False
2024-04-26,508.260009765625,0.009473911346339792,False
2024-04-29,510.05999755859375,0.0035414704253415863,False
2024-04-30,501.9800109863281,-0.015841247325688257,False
2024-05-01,500.3500061035156,-0.0032471509764099293,False
2024-05-02,505.0299987792969,0.009353437830903255,False
2024-05-03,511.2900085449219,0.012395322615995186,False
2024-05-06,516.5700073242188,0.010326817835387025,False
2024-05-07,517.1400146484375,0.0011034464179817682,False
2024-05-08,517.1900024414062,9.666200942248793e-05,False
2024-05-09,520.1699829101562,0.005761867891264316,False
2024-05-10,520.8400268554688,0.0012881249732326072,False
2024-05-13,520.9099731445312,0.0001342951490974631,False
2024-05-14,523.2999877929688,0.004588152985457228,False
2024-05-15,529.780029296875,0.012383033929039389,False
2024-05-16,528.6900024414062,-0.002057508390634233,False
2024-05-17,529.4500122070312,0.0014375338328991294,False
2024-05-20,530.0599975585938,0.0011521113183465825,False
2024-05-21,531.3599853515625,0.0024525295229904653,False
2024-05-22,529.8300170898438,-0.0028793441431358424,False
2024-05-23,525.9600219726562,-0.007304220207159928,False
2024-05-24,529.4400024414062,0.006616435324681147,False
2024-05-28,529.8099975585938,0.0006988423909817243,False
2024-05-29,526.0999755859375,-0.007002551838871107,False
2024-05-30,522.6099853515625,-0.0066337015706721125,False
2024-05-31,527.3699951171875,0.009108149287317735,False
2024-06-03,527.7999877929688,0.0008153529396106585,False
2024-06-04,528.3900146484375,0.0011178985773303562,False
2024-06-05,534.6699829101562,0.011885100186643571,False
2024-06-06,534.6599731445312,-1.8721390661391446e-05,False
2024-06-07,534.010009765625,-0.0012156574487586225,False
2024-06-10,535.6599731445312,0.003089761144422054,False
2024-06-11,536.9500122070312,0.0024083170801936227,False
2024-06-12,541.3599853515625,0.008213005017738695,False
2024-06-13,542.4500122070312,0.002013497275312748,False
2024-06-14,542.780029296875,0.0006083824913212244,False
2024-06-17,547.0999755859375,0.007958926371441244,False
2024-06-18,548.489990234375,0.0025406958699802917,False
2024-06-20,547.0,-0.002716531314889248,False
2024-06-21,544.510009765625,-0.004552084523537503,False
2024-06-24,542.739990234375,-0.003250664817000981,False
2024-06-25,544.8300170898438,0.0038508805193555595,False
2024-06-26,545.510009765625,0.0012480822540090752,False
2024-06-27,546.3699951171875,0.0015764795075565718,False
2024-06-28,544.219970703125,-0.003935107039692687,False
2024-07-01,545.3400268554688,0.00205809454382333,False
2024-07-02,549.010009765625,0.006729714910746587,False
2024-07-03,551.4600219726562,0.004462600250361826,False
2024-07-05,554.6400146484375,0.005766497205737409,False
2024-07-08,555.280029296875,0.0011539280101222626,False
2024-07-09,555.8200073242188,0.000972442729531453,False
2024-07-10,561.3200073242188,0.009895289711641775,False
2024-07-11,556.47998046875,-0.008622580332635743,False
2024-07-12,559.989990234375,0.006307522083127459,False
2024-07-15,561.530029296875,0.002750118911688748,False
2024-07-16,564.8599853515625,0.005930147776526118,False
2024-07-17,556.9400024414062,-0.014021143496696697,False
2024-07-18,552.6599731445312,-0.007684901925006371,False
2024-07-19,548.989990234375,-0.0066405802636198,False
2024-07-22,554.6500244140625,0.01030990415193389,False
2024-07-23,553.780029296875,-0.0015685478750434578,False
2024-07-24,541.22998046875,-0.022662516096977336,True
2024-07-25,538.4099731445312,-0.005210367913795921,False
2024-07-26,544.4400024414062,0.011199698366761712,False
2024-07-29,544.760009765625,0.0005877733502015481,False
2024-07-30,542.0,-0.005066469116946526,False
2024-07-31,550.8099975585938,0.01625460804168588,False
2024-08-01,543.010009765625,-0.014160940846283387,False
2024-08-02,532.9000244140625,-0.01861841433811906,True
2024-08-05,517.3800048828125,-0.0291236982927795,True
2024-08-06,522.1500244140625,0.00921956682947278,False
2024-08-07,518.6599731445312,-0.0066840009697359815,False
2024-08-08,530.6500244140625,0.023117363765007726,True
2024-08-09,532.989990234375,0.004409621620005133,False
2024-08-12,533.27001953125,0.000525393163109511,False
2024-08-13,542.0399780273438,0.016445624495827982,False
2024-08-14,543.75,0.0031547893918812964,False
2024-08-15,553.0700073242188,0.017140243354885065,False
2024-08-16,554.3099975585938,0.0022420131591913695,False
2024-08-19,559.6099853515625,0.009561414761256382,False
2024-08-20,558.7000122070312,-0.0016260845380726696,False
2024-08-21,560.6199951171875,0.003436518468241667,False
2024-08-22,556.219970703125,-0.007848497114596786,False
2024-08-23,562.1300048828125,0.010625354160183287,False
2024-08-26,560.7899780273438,-0.002383837980234005,False
2024-08-27,561.5599975585938,0.0013730978823098816,False
2024-08-28,558.2999877929688,-0.005805274200081922,False
2024-08-29,558.3499755859375,8.953572284031708e-05,False
2024-08-30,563.6799926757812,0.009546014727143781,False
2024-09-03,552.0800170898438,-0.020579008899841544,True
2024-09-04,550.9500122070312,-0.0020468135919301522,False
2024-09-05,549.6099853515625,-0.0024322113182296823,False
2024-09-06,540.3599853515625,-0.01683011634892906,False
2024-09-09,546.4099731445312,0.011196217256969065,False
2024-09-10,548.7899780273438,0.0043557127427886755,False
2024-09-11,554.4199829101562,0.010258942597767273,False
2024-09-12,559.0900268554688,0.008423296578884854,False
2024-09-13,562.010009765625,0.005222741901835137,False
2024-09-16,562.8400268554688,0.0014768724318450221,False
2024-09-17,563.0700073242188,0.00040860716682655784,False
2024-09-18,561.4000244140625,-0.0029658530705484187,False
2024-09-19,570.97998046875,0.01706440263283948,False
2024-09-20,568.25,-0.004781219240837187,False
2024-09-23,569.6699829101562,0.0024988700574681832,False
2024-09-24,571.2999877929688,0.0028613143253319873,False
2024-09-25,570.0399780273438,-0.0022055133774685487,False
2024-09-26,572.2999877929688,0.003964651345061521,False
2024-09-27,571.469970703125,-0.0014503182029491635,False
2024-09-30,573.760009765625,0.0040072780371684935,False
2024-10-01,568.6199951171875,-0.0089584749040581,False
2024-10-02,568.8599853515625,0.00042205732551758857,False
2024-10-03,567.8200073242188,-0.0018281792604923908,False
2024-10-04,572.97998046875,0.009087339434985742,False
2024-10-07,567.7999877929688,-0.009040442689714157,False
2024-10-08,573.1699829101562,0.009457547081078044,False
2024-10-09,577.1400146484375,0.006926447400689373,False
2024-10-10,576.1300048828125,-0.0017500255397128184,False
2024-10-11,579.5800170898438,0.005988252959907792,False
2024-10-14,584.3200073242188,0.008178318945803564,False
2024-10-15,579.780029296875,-0.0077696775233381254,False
2024-10-16,582.2999877929688,0.00434640444437151,False
2024-10-17,582.3499755859375,8.584543021927793e-05,False
2024-10-18,584.5900268554688,0.0038465722734466468,False
2024-10-21,583.6300048828125,-0.0016422140791901851,False
2024-10-22,583.3200073242188,-0.0005311542518380286,False
2024-10-23,577.989990234375,-0.009137380893711078,False
2024-10-24,579.239990234375,0.0021626672107126765,False
2024-10-25,579.0399780273438,-0.00034530110213959464,False
2024-10-28,580.8300170898438,0.003091391148152267,False
2024-10-29,581.77001953125,0.0016183778622804734,False
2024-10-30,580.010009765625,-0.0030252672130528513,False
2024-10-31,568.6400146484375,-0.01960310154264744,True
2024-11-01,571.0399780273438,0.004220532001058652,False
2024-11-04,569.8099975585938,-0.0021539305759273875,False
2024-11-05,576.7000122070312,0.012091775640930225,False
2024-11-06,591.0399780273438,0.024865554910313614,True
2024-11-07,595.6099853515625,0.0077321458684938005,False
2024-11-08,598.1900024414062,0.004331722357409529,False
2024-11-11,598.760009765625,0.0009528867448342915,False
2024-11-12,596.9000244140625,-0.003106395419244068,False
2024-11-13,597.1900024414062,0.000485806693723001,False
2024-11-14,593.3499755859375,-0.006430159312396544,False
2024-11-15,585.75,-0.012808588351979733,False
2024-11-18,588.1500244140625,0.004097352819568911,False
2024-11-19,590.2999877929688,0.003655467635231613,False
2024-11-20,590.5,0.000338831460557909,False
2024-11-21,593.6699829101562,0.005368302980789608,False
2024-11-22,595.510009765625,0.003099410292649374,False
2024-11-25,597.530029296875,0.003392083253218603,False
2024-11-26,600.6500244140625,0.005221486727384761,False
2024-11-27,598.8300170898438,-0.0030300628489846604,False
2024-11-29,602.5499877929688,0.006212064520751737,False
2024-12-02,603.6300048828125,0.0017924107737512518,False
2024-12-03,603.9099731445312,0.000463807728996235,False
2024-12-04,607.6599731445312,0.006209534809425099,False
2024-12-05,606.6599731445312,-0.00164565718361398,False
2024-12-06,607.8099975585938,0.0018956655539701384,False
2024-12-09,604.6799926757812,-0.005149643631043976,False
2024-12-10,602.7999877929688,-0.003109090602606557,False
2024-12-11,607.4600219726562,0.007730647435394422,False
2024-12-12,604.3300170898438,-0.005152610492206833,False
2024-12-13,604.2100219726562,-0.00019855892276432474,False
2024-12-16,606.7899780273438,0.004269965675617771,False
2024-12-17,604.2899780273438,-0.004120041679210651,False
2024-12-18,586.280029296875,-0.029803487374158943,True
2024-12-19,586.0999755859375,-0.0003071121340316729,False
2024-12-20,591.1500244140625,0.008616360754965635,False
2024-12-23,594.6900024414062,0.005988290418921238,False
2024-12-24,601.2999877929688,0.011115010046286677,False
2024-12-26,601.3400268554688,6.658749927290764e-05,False
2024-12-27,595.010009765625,-0.010526518786625139,False
2024-12-30,588.219970703125,-0.01141163837760406,False
2024-12-31,586.0800170898438,-0.0036380159121820466,False
2025-01-02,584.6400146484375,-0.0024570065510107764,False
2025-01-03,591.9500122070312,0.012503416419400448,False
2025-01-06,595.3599853515625,0.005760576187535671,False
2025-01-07,588.6300048828125,-0.011304052395755049,False
2025-01-08,589.489990234375,0.0014609947580461746,False
2025-01-10,580.489990234375,-0.015267434815002923,False
2025-01-13,581.3900146484375,0.0015504563889190415,False
2025-01-14,582.1900024414062,0.0013759916283606621,False
2025-01-15,592.780029296875,0.018189984044830076,False
2025-01-16,591.6400146484375,-0.0019231664227786771,False
2025-01-17,597.5800170898438,0.010039892999691435,False
2025-01-21,603.0499877929688,0.00915353684308795,False
2025-01-22,606.4400024414062,0.005621448830210873,False
2025-01-23,609.75,0.005458079192118603,False
2025-01-24,607.969970703125,-0.0029192772396473554,False
2025-01-27,599.3699951171875,-0.01414539533258774,False
2025-01-28,604.52001953125,0.008592396109277312,False
2025-01-29,601.8099975585938,-0.0044829317228528565,False
2025-01-30,605.0399780273438,0.005367110021191612,False
2025-01-31,601.8200073242188,-0.00532191395620385,False
2025-02-03,597.77001953125,-0.006729566554251942,False
2025-02-04,601.780029296875,0.006708281838506247,False
2025-02-05,604.219970703125,0.004054540342757651,False
2025-02-06,606.3200073242188,0.003475616038725038,False
2025-02-07,600.77001953125,-0.009153562023232031,False
2025-02-10,604.8499755859375,0.0067912111491030824,False
2025-02-11,605.3099975585938,0.000760555495121995,False
2025-02-12,603.3599853515625,-0.0032215099947072723,False
2025-02-13,609.72998046875,0.010557536581541571,False
2025-02-14,609.7000122070312,-4.9150054415414424e-05,False
2025-02-18,611.489990234375,0.0029358340027980656,False
2025-02-19,612.9299926757812,0.0023549076262954216,False
2025-02-20,610.3800048828125,-0.00416032470826988,False
2025-02-21,599.9400024414062,-0.017104102948802602,False
2025-02-24,597.2100219726562,-0.004550422471648163,False
2025-02-25,594.239990234375,-0.004973177992678157,False
2025-02-26,594.5399780273438,0.0005048259926943022,False
2025-02-27,585.0499877929688,-0.01596190430433686,False
2025-02-28,594.1799926757812,0.015605512474676564,False
2025-03-03,583.77001953125,-0.017519898469909534,False
2025-03-04,576.8599853515625,-0.011836911709231068,False
2025-03-05,583.0599975585938,0.010747863198125485,False
2025-03-06,572.7100219726562,-0.017751133038238276,False
2025-03-07,575.9199829101562,0.005604862520902865,False
2025-03-10,560.5800170898438,-0.02663558528182819,True
2025-03-11,555.9199829101562,-0.008312879584754462,False
2025-03-12,558.8699951171875,0.005306541044969082,False
2025-03-13,551.4199829101562,-0.01333049237232553,False
2025-03-14,562.8099975585938,0.020655788693630495,True
2025-03-17,567.1500244140625,0.007711353519474162,False
2025-03-18,561.02001953125,-0.010808436249554187,False
2025-03-19,567.1300048828125,0.010890850841058342,False
2025-03-20,565.489990234375,-0.0028917790177164227,False
2025-03-21,563.97998046875,-0.0026702678945725866,False
2025-03-24,574.0800170898438,0.017908502022889516,False
2025-03-25,575.4600219726562,0.0024038545877420603,False
2025-03-26,568.5900268554688,-0.011938266525687413,False
2025-03-27,567.0800170898438,-0.0026557092004866334,False
2025-03-28,555.6599731445312,-0.020138328985595644,True
2025-03-31,559.3900146484375,0.0067128130226792315,False
2025-04-01,560.969970703125,0.0028244266313557365,False
2025-04-02,564.52001953125,0.006328411525621025,False
2025-04-03,536.7000122070312,-0.04928081620084812,True
2025-04-04,505.2799987792969,-0.058542971330535654,True
2025-04-07,504.3800048828125,-0.0017811785518102585,False
2025-04-08,496.4800109863281,-0.0156627816725603,False
2025-04-09,548.6199951171875,0.10501930183911301,True
2025-04-10,524.5800170898438,-0.04381899719533322,True
2025-04-11,533.9400024414062,0.017842817199724692,False
2025-04-14,539.1199951171875,0.009701450822369617,False
2025-04-15,537.6099853515625,-0.0028008788011967267,False
2025-04-16,525.6599731445312,-0.02222803246337901,True
2025-04-17,526.4099731445312,0.001426777837987947,False
2025-04-21,513.8800048828125,-0.023802680232045126,True
2025-04-22,527.25,0.02601773758493775,True
2025-04-23,535.4199829101562,0.015495463082325855,False
2025-04-24,546.6900024414062,0.02104893334386637,True
2025-04-25,550.6400146484375,0.00722532365580375,False
2025-04-28,550.8499755859375,0.00038130345037501456,False
2025-04-29,554.3200073242188,0.006299413437552026,False
2025-04-30,554.5399780273438,0.000396829809890642,False
2025-05-01,558.469970703125,0.007086942026725218,False
2025-05-02,566.760009765625,0.014844198430334021,False
2025-05-05,563.510009765625,-0.005734349537724115,False
2025-05-06,558.7999877929688,-0.008358364343191038,False
2025-05-07,561.1500244140625,0.0042055058561747405,False
2025-05-08,565.0599975585938,0.0069677857514378605,False
2025-05-09,564.3400268554688,-0.0012741491279434358,False
2025-05-12,582.989990234375,0.03304738719814848,True
2025-05-13,586.8400268554688,0.006603949785734642,False
2025-05-14,587.5900268554688,0.0012780314322096142,False
2025-05-15,590.4600219726562,0.004884349607746863,False
2025-05-16,594.2000122070312,0.00633402786844095,False
2025-05-19,594.8499755859375,0.0010938461217664397,False
2025-05-20,592.8499755859375,-0.0033621922872737464,False
2025-05-21,582.8599853515625,-0.016850789652983478,False
2025-05-22,583.0900268554688,0.00039467712604679406,False
2025-05-23,579.1099853515625,-0.006825775301577575,False
2025-05-27,591.1500244140625,0.02079059136787431,True
2025-05-28,587.72998046875,-0.005785407771406903,False
2025-05-29,590.0499877929688,0.003947403401760141,False
2025-05-30,589.3900146484375,-0.0011185037847383228,False
2025-06-02,592.7100219726562,0.005632954820585345,False
2025-06-03,596.0900268554688,0.005702628195088044,False
2025-06-04,595.9299926757812,-0.0002684731709600152,False
2025-06-05,593.0499877929688,-0.004832790626766448,False
2025-06-06,599.1400146484375,0.010268994150278488,False
2025-06-09,599.6799926757812,0.0009012551559597348,False
2025-06-10,603.0800170898438,0.005669731282665458,False
2025-06-11,601.3599853515625,-0.0028520788113346462,False
2025-06-12,603.75,0.003974349319302073,False
2025-06-13,597.0,-0.011180124223602483,False
2025-06-16,602.6799926757812,0.00951422558757331,False
2025-06-17,597.530029296875,-0.008545104270081039,False
2025-06-18,597.4400024414062,-0.00015066498929716676,False
2025-06-20,594.280029296875,-0.005289189092826385,False
2025-06-23,600.1500244140625,0.00987749011881256,False
2025-06-24,606.780029296875,0.011047245877038092,False
2025-06-25,607.1199951171875,0.0005602785258216336,False
2025-06-26,611.8699951171875,0.007823824018649228,False
2025-06-27,614.9099731445312,0.004968339764334306,False
2025-06-30,617.8499755859375,0.004781191670012452,False
2025-07-01,617.6500244140625,-0.00032362414789344207,False
2025-07-02,620.4500122070312,0.004533291803274775,False
2025-07-03,625.3400268554688,0.00788139987465386,False
2025-07-07,620.6799926757812,-0.007452000479036269,False
2025-07-08,620.3400268554688,-0.0005477312372305088,False
2025-07-09,624.0599975585938,0.005996663994070728,False
2025-07-10,625.8200073242188,0.002820257303000284,False
2025-07-11,623.6199951171875,-0.0035154072757080934,False
2025-07-14,624.8099975585938,0.0019082172648787754,False
2025-07-15,622.1400146484375,-0.004273271747553764,False
2025-07-16,624.219970703125,0.0033432282214846953,False
2025-07-17,628.0399780273438,0.006119649327969823,False
2025-07-18,627.5800170898438,-0.0007323752525193461,False
2025-07-21,628.77001953125,0.0018961764380651669,False
2025-07-22,628.8599853515625,0.00014308223598114012,False
2025-07-23,634.2100219726562,0.008507516372031176,False
2025-07-24,634.4199829101562,0.0003310590028946514,False
2025-07-25,637.0999755859375,0.004224319453948855,False
2025-07-28,636.9400024414062,-0.0002510958258695739,False
2025-07-29,635.260009765625,-0.002637599568784843,False
2025-07-30,634.4600219726562,-0.0012593076546151272,False
2025-07-31,632.0800170898438,-0.003751229077306739,False
2025-08-01,621.719970703125,-0.01639040328219421,False
2025-08-04,631.1699829101562,0.01519978873502148,False
2025-08-05,627.969970703125,-0.0050699689365404366,False
2025-08-06,632.780029296875,0.007659695237280717,False
2025-08-07,632.25,-0.0008376201402309214,False
2025-08-08,637.1799926757812,0.007797536853746623,False
2025-08-11,635.9199829101562,-0.0019774785462639555,False
2025-08-12,642.6900024414062,0.010646024206171889,False
2025-08-13,644.8900146484375,0.0034231312120525104,False
2025-08-14,644.9500122070312,9.303533506632711e-05,False
2025-08-15,643.4400024414062,-0.002341281862229483,False
2025-08-18,643.2999877929688,-0.00021760326977848798,False
2025-08-19,639.8099975585938,-0.005425136484688009,False
2025-08-20,638.1099853515625,-0.0026570578976855552,False
2025-08-21,635.5499877929688,-0.004011843753210287,False
2025-08-22,645.3099975585938,0.015356793254796441,False
2025-08-25,642.469970703125,-0.0044010272058598865,False
2025-08-26,645.1599731445312,0.004186969919329098,False
2025-08-27,646.6300048828125,0.0022785538462906096,False
2025-08-28,648.9199829101562,0.003541403909580021,False
2025-08-29,645.0499877929688,-0.0059637477949624484,False
2025-09-02,640.27001953125,-0.007410229210411012,False
2025-09-03,643.739990234375,0.005419542688669621,False
2025-09-04,649.1199951171875,0.008357419089116691,False
2025-09-05,647.239990234375,-0.002896236284437803,False
2025-09-08,648.8300170898438,0.002456626412859597,False
2025-09-09,650.3300170898438,0.002311853583358836,False
2025-09-10,652.2100219726562,0.0028908474672986184,False
2025-09-11,657.6300048828125,0.008310180352278485,False
2025-09-12,657.4099731445312,-0.00033458287585352853,False
2025-09-15,660.9099731445312,0.005323922883704979,False
2025-09-16,660.0,-0.0013768488621856978,False
2025-09-17,659.1799926757812,-0.0012424353397253451,False
2025-09-18,662.260009765625,0.004672497836806455,False
2025-09-19,663.7000122070312,0.0021743762573189773,False
2025-09-22,666.8400268554688,0.004731075170536503,False
2025-09-23,663.2100219726562,-0.005443591771073009,False
2025-09-24,661.0999755859375,-0.0031815658943793457,False
2025-09-25,658.0499877929688,-0.004613504621998388,False
2025-09-26,661.8200073242188,0.0057290777314567,False
2025-09-29,663.6799926757812,0.0028104096748033935,False
2025-09-30,666.1799926757812,0.003766875644270362,False
2025-10-01,668.4500122070312,0.0034075168215907947,False
2025-10-02,669.219970703125,0.0011518565068935338,False
2025-10-03,669.2100219726562,-1.4866158967619114e-05,False
2025-10-06,671.6099853515625,0.003586263355458641,False
2025-10-07,669.1199951171875,-0.003707494362329311,False
2025-10-08,673.1099853515625,0.005963041402874625,False
2025-10-09,671.1599731445312,-0.0028970186885769467,False
2025-10-10,653.02001953125,-0.027027764376787222,True
2025-10-13,663.0399780273438,0.015344029580113494,False
2025-10-14,662.22998046875,-0.0012216421112398734,False
2025-10-15,665.1699829101562,0.00443954899070742,False
2025-10-16,660.6400146484375,-0.006810241559458086,False
2025-10-17,664.3900146484375,0.0056763137515907225,False
2025-10-20,671.2999877929688,0.010400477117627371,False
2025-10-21,671.2899780273438,-1.4911017141350236e-05,False
2025-10-22,667.7999877929688,-0.005198930936866852,False
2025-10-23,671.760009765625,0.005929952148911788,False
2025-10-24,677.25,0.008172546972973871,False
2025-10-27,685.239990234375,0.011797696913067535,False
2025-10-28,687.0599975585938,0.002656014462314449,False
2025-10-29,687.3900146484375,0.00048033227231458753,False
2025-10-30,679.8300170898438,-0.010998119550020391,False
2025-10-31,682.0599975585938,0.0032802030105936186,False
2025-11-03,683.3400268554688,0.0018767107020742912,False
2025-11-04,675.239990234375,-0.011853596017736279,False
2025-11-05,677.5800170898438,0.0034654743340312155,False
2025-11-06,670.3099975585938,-0.010729388925125316,False
2025-11-07,670.969970703125,0.0009845789961884233,False
2025-11-10,681.4400024414062,0.01560432239211762,False
2025-11-11,683.0,0.0022892661907207845,False
2025-11-12,683.3800048828125,0.0005563761095350728,False
2025-11-13,672.0399780273438,-0.016594027882646856,False
2025-11-14,671.9299926757812,-0.00016365894166792128,False
2025-11-17,665.6699829101562,-0.009316461288915168,False
2025-11-18,660.0800170898438,-0.008397503213040225,False
2025-11-19,662.6300048828125,0.003863149507556951,False
2025-11-20,652.530029296875,-0.015242255122032589,False
2025-11-21,659.030029296875,0.009961227389035265,False
2025-11-24,668.72998046875,0.014718526835907575,False
2025-11-25,675.02001953125,0.009405947461920139,False
2025-11-26,679.6799926757812,0.006903459171132775,False
2025-11-28,683.3900146484375,0.0054584834225450685,False
2025-12-01,680.27001953125,-0.004565467815318525,False
2025-12-02,681.530029296875,0.0018522200441719594,False
2025-12-03,683.8900146484375,0.00346277529986061,False
2025-12-04,684.3900146484375,0.0007311117128343536,False
2025-12-05,685.6900024414062,0.0018994838690575833,False
2025-12-08,683.6300048828125,-0.0030042694967975514,False
2025-12-09,683.0399780273438,-0.0008630792259767261,False
2025-12-10,687.5700073242188,0.006632158354709983,False
2025-12-11,689.1699829101562,0.0023270002601829542,False
2025-12-12,681.760009765625,-0.010752025375860397,False
2025-12-15,680.72998046875,-0.0015108385386657375,False
2025-12-16,678.8699951171875,-0.0027323394075896568,False
2025-12-17,671.4000244140625,-0.011003536401451242,False
2025-12-18,676.469970703125,0.007551304892321253,False
2025-12-19,680.5900268554688,0.0060905233502994705,False
2025-12-22,684.8300170898438,0.006229874178387496,False
2025-12-23,687.9600219726562,0.0045704843606495515,False
2025-12-24,690.3800048828125,0.003517621421107009,False
2025-12-26,690.3099975585938,-0.0001014040437492536,False
2025-12-29,687.8499755859375,-0.003563648189011559,False
2025-12-30,687.010009765625,-0.0012211468345215692,False
2025-12-31,681.9199829101562,-0.007408955885817803,False
2026-01-02,683.1699829101562,0.0018330596423725698,False
2026-01-05,687.719970703125,0.006660110816910869,False
2026-01-06,691.8099975585938,0.005947227112347964,False
2026-01-07,689.5800170898438,-0.0032234001772446508,False
2026-01-08,689.510009765625,-0.00010152168346500012,False
2026-01-09,694.0700073242188,0.006613388484590255,False
2026-01-12,695.1599731445312,0.0015703975230316747,False
2026-01-13,693.77001953125,-0.001999473023445053,False
2026-01-14,690.3599853515625,-0.004915222744839132,False
2026-01-15,692.239990234375,0.0027232240029890775,False
2026-01-16,691.6599731445312,-0.0008378844014015341,False
2026-01-20,677.5800170898438,-0.020356759970762806,True
2026-01-21,685.4000244140625,0.011541083159159804,False
2026-01-22,688.97998046875,0.005223163010167564,False
2026-01-23,689.22998046875,0.00036285524556167736,False
2026-01-26,692.72998046875,0.00507813081145958,False
2026-01-27,695.489990234375,0.003984250492172103,False
2026-01-28,695.4199829101562,-0.0001006589961060067,False
2026-01-29,694.0399780273438,-0.001984419367757506,False
2026-01-30,691.969970703125,-0.002982547677011782,False
2026-02-02,695.4099731445312,0.004971317523953855,False
2026-02-03,689.530029296875,-0.008455363130712823,False
2026-02-04,686.1900024414062,-0.0048439179057576665,False
2026-02-05,677.6199951171875,-0.0124892628772314,False
2026-02-06,690.6199951171875,0.019184793975496328,False
2026-02-09,693.9500122070312,0.004821779145387506,False
2026-02-10,692.1199951171875,-0.0026371021797716443,False
2026-02-11,691.9600219726562,-0.00023113498477123073,False
2026-02-12,681.27001953125,-0.015448872914552103,False
2026-02-13,681.75,0.0007045377823615695,False
2026-02-17,682.8499755859375,0.0016134588719287635,False
2026-02-18,686.2899780273438,0.005037713354905549,False
2026-02-19,684.47998046875,-0.002637365569283623,False
2026-02-20,689.4299926757812,0.007231785221302411,False
2026-02-23,682.3900146484375,-0.010211302238274489,False
2026-02-24,687.3499755859375,0.007268513358970052,False
2026-02-25,693.1500244140625,0.008438276037153747,False
2026-02-26,689.2999877929688,-0.005554405951797015,False
2026-02-27,685.989990234375,-0.004801969559279806,False
2026-03-02,686.3800048828125,0.0005685427688300049,False
2026-03-03,680.3300170898438,-0.008814341545397508,False
2026-03-04,685.1300048828125,0.007055381465455479,False
2026-03-05,681.3099975585938,-0.0055755948462250515,False
2026-03-06,672.3800048828125,-0.013107091790493297,False
2026-03-09,678.27001953125,0.008759949144329537,False
2026-03-10,677.1799926757812,-0.001607069196751576,False
2026-03-11,676.3300170898438,-0.0012551693717042234,False
2026-03-12,666.0599975585938,-0.0151849234423167,False
2026-03-13,662.2899780273438,-0.005660180081477395,False
2026-03-16,669.030029296875,0.010176888512803295,False
2026-03-17,670.7899780273438,0.0026305975119209624,False
2026-03-18,661.4299926757812,-0.013953675007322364,False
2026-03-19,659.7999877929688,-0.002464364937880159,False
2026-03-20,648.5700073242188,-0.017020279897722146,False
2026-03-23,655.3800048828125,0.01050001924493782,False
2026-03-24,653.1799926757812,-0.0033568497522664664,False
2026-03-25,656.8200073242188,0.0055727589473859585,False
2026-03-26,645.0900268554688,-0.017858744158138706,False
2026-03-27,634.0900268554688,-0.017051883523327982,False
2026-03-30,631.969970703125,-0.0033434623831846144,False
2026-03-31,650.3400268554688,0.02906792569891481,True
2026-04-01,655.239990234375,0.007534463782890022,False
2026-04-02,655.8300170898438,0.0009004744280911581,False
2026-04-06,658.9299926757812,0.004726797348638012,False
2026-04-07,659.219970703125,0.0004400741058487867,False
2026-04-08,676.010009765625,0.025469554638327674,True
2026-04-09,679.9099731445312,0.00576909117108837,False
2026-04-10,679.4600219726562,-0.0006617805145495703,False
2026-04-13,686.0999755859375,0.009772397784351794,False
2026-04-14,694.4600219726562,0.01218488075237012,False
2026-04-15,699.9400024414062,0.007890994867038925,False
2026-04-16,701.6599731445312,0.002457311622604319,False
2026-04-17,710.1400146484375,0.012085685130224011,False
2026-04-20,708.719970703125,-0.001999667552905704,False
2026-04-21,704.0800170898438,-0.006546949154936255,False
2026-04-22,711.2100219726562,0.010126696838070659,False
2026-04-23,708.4500122070312,-0.0038807239498251933,False
2026-04-24,713.9400024414062,0.007749297960024215,False
2026-04-27,715.1699829101562,0.0017228064887020444,False
2026-04-28,711.6900024414062,-0.004865948728146163,False
2026-04-29,711.5800170898438,-0.00015454109399481997,False
2026-04-30,718.6599731445312,0.009949627427204177,False
2026-05-01,720.6500244140625,0.0027691138283709726,False
2026-05-04,718.010009765625,-0.0036633796697419507,False
2026-05-05,723.77001953125,0.008022185884992261,False
2026-05-06,733.8300170898438,0.013899439445017592,False
2026-05-07,731.5800170898438,-0.0030661051573263043,False
2026-05-08,737.6199951171875,0.008256073001242203,False
2026-05-11,739.2999877929688,0.002277585595431564,False
2026-05-12,738.1799926757812,-0.0015149399914519135,False
2026-05-13,742.3099975585938,0.005594848036780231,False
2026-05-14,748.1699829101562,0.007894256268722755,False
2026-05-15,739.1699829101562,-0.012029351892724582,False
2026-05-18,738.6500244140625,-0.0007034356211904624,False
2026-05-19,733.72998046875,-0.006660859382243145,False
2026-05-20,741.25,0.010249028568310337,False
2026-05-21,742.719970703125,0.0019830970699832307,False
2026-05-22,745.6400146484375,0.00393155436839554,False
2026-05-26,750.5900268554688,0.0066386085909901915,False
2026-05-27,750.4600219726562,-0.0001732035840619206,False
2026-05-28,754.5999755859375,0.0055165545026623075,False
2026-05-29,756.47998046875,0.002491392716190699,False
2026-06-01,758.5399780273438,0.00272313559086812,False
2026-06-02,759.5700073242188,0.0013579103629497435,False
2026-06-03,754.239990234375,-0.007017150543661033,False
2026-06-04,757.0900268554688,0.003778686701839007,False
2026-06-05,737.5499877929688,-0.0258093996346227,True
2026-06-08,739.219970703125,0.0022642301373410056,False
2026-06-09,737.0499877929688,-0.002935503633772485,False
2026-06-10,725.4299926757812,-0.015765545498457323,False
2026-06-11,737.760009765625,0.016996839411566045,False
2026-06-12,741.75,0.005408249541260179,False
2026-06-15,754.8300170898438,0.017633996750716197,False
2026-06-16,750.3300170898438,-0.005961607114339795,False
2026-06-17,740.9600219726562,-0.012487831892330603,False
2026-06-18,746.739990234375,0.007800647930141791,False
2026-06-22,744.3900146484375,-0.003146979693962715,False
2026-06-23,733.5800170898438,-0.014521954010491611,False
2026-06-24,733.239990234375,-0.0004635170636431152,False
2026-06-25,734.2999877929688,0.0014456352254532678,False
2026-06-26,728.989990234375,-0.007231373616869652,False
2026-06-29,741.0,0.016474862380159383,False
2026-06-30,746.77001953125,0.007786800986842035,False
2026-07-01,745.760009765625,-0.001352504438058455,False
2026-07-02,744.780029296875,-0.001314069480687241,False
2026-07-06,751.280029296875,0.008727409093039817,False
2026-07-07,747.7100219726562,-0.004751899671231685,False
2026-07-08,745.4000244140625,-0.0030894297130047432,False
2026-07-09,751.7100219726562,0.00846525000257925,False
2026-07-10,754.9500122070312,0.0043101596888019955,False
2026-07-13,749.1699829101562,-0.007656174850540931,False
2026-07-14,751.8300170898438,0.00355064169730146,False
2026-07-15,754.8099975585938,0.003963635929681075,False
2026-07-16,750.719970703125,-0.005418617756386079,False
2026-07-17,743.2899780273438,-0.009897156017872222,False
2026-07-20,742.0900268554688,-0.0016143782471810253,False
2026-07-21,748.280029296875,0.008341309298597777,False
2026-07-22,747.4099731445312,-0.0011627413779321527,False
2026-07-23,738.1799926757812,-0.012349287272575782,False
2026-07-24,738.9299926757812,0.0010160123647910968,False
2026-07-27,739.0900268554688,0.0002165755636849287,False
2026-07-28,740.8599853515625,0.002394780651586048,False
2026-07-29,729.4600219726562,-0.015387473482586067,False
2026-07-30,741.6900024414062,0.01676579949601198,False
2026-07-31,747.030029296875,0.007199809675054292,False
2026-08-03,757.6699829101562,0.01424300656734756,False
2026-08-04,771.3300170898438,0.018029002715958642,False
2026-08-05,769.7899780273438,-0.0019966020100066206,False
2026-08-06,768.5599975585938,-0.001597813044932006,False
2026-08-07,773.260009765625,0.006115348472417681,False
2026-08-10,773.030029296875,-0.00029741673673222557,False
2026-08-11,770.5599975585938,-0.0031952597501651026,False
2026-08-12,772.489990234375,0.0025046624297864195,False
2026-08-13,777.8800048828125,0.006977455651952402,False
2026-08-14,776.3400268554688,-0.0019797115463531245,False
2026-08-17,772.6699829101562,-0.004727366641364417,False
2026-08-18,767.4500122070312,-0.006755757074274671,False
2026-08-19,769.0599975585938,0.00209783741736147,False
2026-08-20,762.5999755859375,-0.008399893367440514,False
2026-08-21,765.719970703125,0.0040912604472485015,False
2026-08-24,763.469970703125,-0.0029384110198065194,False
2026-08-25,765.9099731445312,0.003195937672779925,False
2026-08-26,766.0800170898438,0.0002220155779071309,False
